日期,測站,測項,00,01,02,03,04,05,06,07,08,09,10,11,12,13,14,15,16,17,18,19,20,21,22,23
2017/01/01,北站,O3,3.6,1.9,1.9,1.8,1.8,2.0,1.8,2.7,5.2,21.6,46.6,62.3,70.9,73.5,76.4,74.5,62.8,41.4,37.9,29.9,26.1,25.7,20.6,20.6
2017/01/02,北站,O3,22.9,16.0,11.6,10.6,11.4,14.1,20.6,14.2,14.1,22.9,41.0,58.7,69.5,66.8,54.3,46.8,43.8,35.8,30.6,26.7,25.3,21.1,17.0,12.5
2017/01/03,北站,O3,9.0,5.7,11.5,22.9,18.9,14.9,18.4,7.4,6.6,10.7,20.0,38.4,61.8,M65.7,M69.1,66.5,50.0,43.0,33.2,24.4,16.8,13.1,10.8,7.4
2017/01/04,北站,O3,6.0,4.2,3.6,2.2,1.8,3.8,2.7,3.1,5.8,12.2,35.1,54.3,63.7,67.7,67.6,65.0,61.0,51.0,35.7,24.9,25.6,23.7,25.4,27.8
2017/01/05,北站,O3,24.4,23.6,19.6,25.1,24.7,15.5,7.4,6.3,6.1,24.7,41.3,45.0,47.8,47.0,48.4,47.2,44.3,45.6,37.8,27.2,21.8,20.5,19.3,17.5
2017/01/06,北站,O3,12.8,9.1,5.8,2.1,2.1,2.2,2.2,4.4,5.1,7.3,15.7,24.2,34.8,45.6,54.7,58.5,50.0,42.3,38.4,35.9,28.5,33.4,24.9,16.6
2017/01/07,北站,O3,20.5,17.5,10.6,8.0,7.4,5.5,3.6,4.4,8.7,16.9,29.0,41.4,59.5,57.3,54.8,51.7,50.9,50.0,42.4,35.1,19.2,12.9,10.9,4.0
2017/01/08,北站,O3,3.7,2.1,1.8,1.9,1.6,2.2,2.9,4.5,11.3,28.2,38.5,45.0,52.8,57.2,57.6,58.3,53.7,48.8,46.6,35.1,21.0,13.3,7.7,3.9
2017/01/09,北站,O3,2.8,1.8,2.1,2.1,2.9,3.9,4.2,4.7,10.7,17.7,26.7,35.0,34.4,48.0,58.9,62.1,54.6,42.3,33.6,27.5,20.8,13.3,8.6,3.4
2017/01/10,北站,O3,4.1,8.0,8.7,6.2,6.2,6.9,5.4,5.6,11.0,18.2,26.7,38.5,49.0,58.7,56.5,60.1,53.4,43.6,36.5,40.0,32.8,31.3,25.2,18.0
2017/01/11,北站,O3,11.9,6.8,4.2,2.4,4.2,4.1,2.1,3.2,6.8,15.8,29.1,42.0,62.0,73.3,72.8,70.0,60.2,51.8,42.7,38.6,33.4,30.4,32.5,28.9
2017/01/12,北站,O3,26.4,23.5,21.4,17.7,14.4,11.7,6.5,5.6,9.6,19.4,33.6,52.9,51.2,55.0,61.1,50.7,43.5,40.4,32.6,29.2,26.3,22.2,19.5,17.3
2017/01/13,北站,O3,15.1,13.0,16.8,16.6,14.5,12.4,11.7,11.1,12.7,16.3,23.4,32.5,45.8,57.4,43.5,34.3,23.1,13.3,8.7,12.3,9.7,13.4,15.1,12.1
2017/01/14,北站,O3,12.3,10.3,10.3,13.4,14.8,18.6,22.0,26.3,25.6,24.2,23.8,22.7,25.0,28.8,28.7,29.9,29.9,26.7,30.6,27.3,20.6,18.0,14.3,17.3
2017/01/15,北站,O3,17.8,16.0,12.8,13.1,17.9,15.2,12.5,10.6,13.4,15.0,21.0,30.4,37.6,42.1,51.3,48.1,48.1,37.2,25.2,18.5,13.4,11.2,13.0,11.9
2017/01/16,北站,O3,13.9,14.8,14.6,11.7,11.9,15.4,13.6,9.3,12.4,18.7,24.2,25.0,33.0,38.0,37.1,37.2,34.6,29.8,26.3,21.1,14.7,10.2,7.2,3.0
2017/01/17,北站,O3,3.9,2.5,2.2,3.3,2.4,1.6,2.0,3.2,6.7,16.6,M21.9,M41.7,44.5,51.1,47.1,52.2,49.5,41.8,38.0,31.9,24.3,23.5,20.4,17.8
2017/01/18,北站,O3,14.8,16.3,19.9,21.5,15.2,13.5,10.5,9.0,17.9,21.8,29.8,36.9,43.8,50.8,47.2,44.3,45.1,40.8,34.1,26.6,22.4,19.2,15.0,11.2
2017/01/19,北站,O3,10.9,9.6,7.4,4.3,5.7,2.9,2.9,3.9,7.8,16.4,27.0,39.7,52.5,48.9,52.0,46.3,44.8,37.1,34.8,28.8,21.6,18.3,17.2,12.2
2017/01/20,北站,O3,7.2,9.0,7.4,9.5,12.9,19.7,21.5,21.8,20.9,21.9,22.5,32.6,45.3,48.9,48.2,46.9,38.9,31.0,20.1,18.9,20.5,22.9,26.0,26.9
2017/01/21,北站,O3,29.2,32.7,32.5,31.0,29.9,27.8,27.1,25.8,26.9,26.7,25.0,25.4,28.4,37.7,43.9,52.3,48.0,42.7,34.5,23.3,19.3,17.0,15.4,17.3
2017/01/22,北站,O3,18.4,18.3,15.5,14.0,11.5,22.0,22.1,21.8,22.3,24.5,31.1,39.8,51.4,54.8,53.5,56.5,53.6,50.3,47.8,43.1,37.7,34.0,31.6,29.3
2017/01/23,北站,O3,29.8,25.2,27.8,23.7,20.0,14.9,15.8,19.7,15.3,18.5,28.2,35.1,49.7,65.7,67.9,64.9,56.1,46.9,38.3,27.8,22.0,16.4,14.1,11.8
2017/01/24,北站,O3,9.9,7.4,5.4,9.1,9.0,9.1,6.8,7.0,9.0,14.9,24.0,33.1,45.5,53.6,53.3,55.7,45.9,39.8,33.9,25.1,19.8,17.1,14.5,12.5
2017/01/25,北站,O3,14.6,16.2,15.4,16.4,17.0,15.6,13.6,14.1,16.1,16.6,22.1,30.2,29.8,34.1,44.4,55.9,48.2,41.3,31.5,26.3,24.6,25.7,26.6,26.2
2017/01/26,北站,O3,26.4,28.0,27.1,26.6,26.7,26.5,24.2,22.0,29.0,32.2,35.3,37.9,49.1,59.5,67.8,65.9,56.0,53.6,45.8,41.3,35.3,31.5,27.2,25.6
2017/01/27,北站,O3,23.0,19.0,12.0,9.3,8.4,4.7,4.9,7.6,14.3,23.7,38.2,47.8,52.9,54.0,54.6,54.0,49.9,46.1,40.8,34.1,29.9,26.6,23.3,14.8
2017/01/28,北站,O3,12.8,9.5,6.9,7.2,7.5,4.7,3.4,6.0,12.9,25.3,40.2,50.3,60.5,60.5,61.6,58.9,53.1,42.3,33.8,34.7,31.6,27.5,24.2,23.9
2017/01/29,北站,O3,22.1,17.9,14.0,7.4,6.3,6.2,10.9,16.2,17.6,18.0,29.6,46.4,52.8,58.6,61.4,60.0,53.8,46.6,45.9,42.0,32.9,28.4,22.1,27.6
2017/01/30,北站,O3,25.2,19.9,19.2,19.3,17.5,15.7,11.2,7.9,14.6,28.5,45.4,55.9,50.7,55.2,59.7,51.2,41.7,35.1,26.3,20.5,18.2,16.4,16.8,19.5
2017/01/31,北站,O3,20.9,24.6,24.8,26.3,24.9,24.8,23.8,26.0,28.4,29.0,30.4,36.0,42.0,46.6,46.6,44.3,40.6,36.9,31.6,25.5,22.8,19.5,18.2,17.7
2017/02/01,北站,O3,21.9,18.7,17.4,16.4,21.6,24.6,17.0,13.2,17.6,23.0,27.3,30.6,M35.1,41.3,41.2,37.5,35.6,31.9,28.9,24.6,22.1,24.4,23.8,23.9
2017/02/02,北站,O3,22.9,20.3,19.8,23.7,22.7,22.6,21.1,19.0,19.9,23.6,26.4,26.5,30.3,40.1,48.8,54.6,50.7,44.6,37.7,32.1,25.7,20.0,14.8,18.3
2017/02/03,北站,O3,16.9,13.0,11.8,10.8,5.9,3.6,4.1,6.3,11.7,20.8,30.1,49.4,59.5,55.8,52.2,56.8,51.0,47.6,39.7,34.4,29.3,25.4,26.6,25.4
2017/02/04,北站,O3,26.3,25.8,23.9,21.5,20.8,21.5,20.5,19.0,18.6,19.8,19.5,22.3,26.5,33.8,38.2,38.7,32.9,27.6,20.8,17.9,19.5,21.1,15.4,14.6
2017/02/05,北站,O3,13.5,8.7,5.3,5.2,6.8,7.3,7.1,7.9,11.9,19.5,30.4,33.6,37.2,35.0,32.6,35.5,35.8,35.2,p25.1,19.4,18.7,13.5,6.2,2.8
2017/02/06,北站,O3,5.1,3.8,3.5,4.0,4.5,6.1,5.7,6.0,9.7,18.4,24.1,32.2,45.9,61.0,69.9,72.2,64.9,54.2,46.3,40.1,33.7,26.9,20.8,20.0
2017/02/07,北站,O3,22.4,20.6,18.3,14.9,16.1,14.3,9.6,9.1,15.8,23.0,32.5,40.9,47.1,51.5,59.2,59.2,55.7,50.0,41.0,34.3,36.2,33.5,27.0,21.2
2017/02/08,北站,O3,23.1,21.7,16.3,13.0,8.9,10.5,9.8,15.4,19.5,27.1,37.4,47.7,51.1,53.3,56.6,55.9,52.8,48.3,42.6,32.7,24.6,20.0,18.8,22.2
2017/02/09,北站,O3,28.5,26.3,31.1,32.4,27.8,27.8,27.3,24.2,21.6,22.7,30.8,36.6,39.1,42.5,47.3,41.8,34.4,35.0,31.5,29.8,29.0,31.3,31.6,37.1
2017/02/10,北站,O3,42.0,41.6,41.1,39.6,38.5,34.3,35.2,32.2,31.3,34.7,36.3,39.8,48.0,53.5,58.6,55.1,47.8,38.9,34.0,29.9,30.4,28.2,30.6,33.3
2017/02/11,北站,O3,33.4,31.7,30.6,29.2,26.3,26.3,26.3,26.3,C21.7,19.4,19.0,23.9,23.5,22.5,19.6,19.0,20.4,14.4,8.9,10.6,6.3,12.2,19.3,17.1
2017/02/12,北站,O3,17.6,16.5,13.5,13.9,16.5,15.6,12.2,15.2,15.5,20.9,29.0,41.7,48.2,54.5,51.8,46.2,49.6,50.4,45.9,39.6,35.6,32.3,28.4,23.2
2017/02/13,北站,O3,24.1,22.5,18.7,12.7,11.2,5.0,2.8,4.8,9.8,19.1,34.7,46.0,51.8,M56.1,60.3,62.3,58.9,52.8,45.3,39.5,32.0,28.7,22.4,17.1
2017/02/14,北站,O3,6.4,8.7,7.8,5.3,2.5,2.1,2.0,3.5,6.7,16.8,40.3,57.3,63.2,71.5,72.6,71.1,68.3,60.6,51.0,46.3,42.1,38.3,32.1,31.7
2017/02/15,北站,O3,27.3,23.4,18.9,17.4,15.2,8.8,5.5,4.3,11.3,28.7,51.1,54.7,60.5,62.7,66.9,68.7,66.5,59.6,52.1,48.2,44.4,39.0,36.6,33.3
2017/02/16,北站,O3,28.5,24.3,20.0,16.3,14.2,18.1,18.4,15.0,14.7,18.2,28.3,43.2,55.2,60.7,65.3,64.8,64.6,60.6,51.3,36.2,26.4,22.6,12.4,17.1
2017/02/17,北站,O3,25.5,20.5,14.4,11.3,10.9,9.2,6.7,10.7,17.7,37.6,53.8,62.5,64.7,67.6,68.3,61.7,53.2,41.6,28.8,29.1,23.5,18.7,15.0,10.9
2017/02/18,北站,O3,4.7,3.8,3.5,2.2,6.0,15.7,14.8,25.1,31.0,35.3,44.1,54.6,65.2,66.0,68.4,67.3,59.6,51.8,42.9,34.1,26.0,22.4,24.3,20.5
2017/02/19,北站,O3,16.6,14.2,14.3,15.3,14.6,12.1,12.2,14.0,15.2,27.1,39.4,53.1,66.3,75.3,71.2,71.1,67.6,62.3,55.5,44.9,44.3,36.4,29.6,30.6
2017/02/20,北站,O3,26.5,23.7,18.0,16.1,15.2,17.4,16.1,13.2,25.5,33.2,40.1,49.8,58.1,42.8,34.9,31.5,32.4,42.5,49.4,39.9,31.4,32.2,28.1,21.0
2017/02/21,北站,O3,6.5,4.1,18.0,19.8,16.3,22.3,22.5,21.5,24.8,30.0,40.8,47.3,48.2,58.3,65.0,65.6,50.3,45.3,41.5,35.1,31.0,28.1,27.8,31.0
2017/02/22,北站,O3,29.0,28.7,26.6,24.3,22.5,18.6,15.7,15.4,15.6,21.0,34.3,48.1,50.6,43.6,47.9,58.1,55.0,41.3,28.3,21.8,23.8,18.6,11.4,6.6
2017/02/23,北站,O3,3.5,3.6,5.3,5.0,2.4,2.1,1.8,3.7,8.2,14.3,21.1,32.0,37.5,45.2,54.9,46.6,30.6,19.0,10.5,8.4,12.2,14.2,15.0,16.5
2017/02/24,北站,O3,17.1,15.1,13.6,11.6,9.9,8.6,9.5,10.3,8.7,13.2,15.3,15.9,20.8,24.2,20.8,26.5,24.0,20.3,18.0,15.1,10.7,15.1,13.8,22.0
2017/02/25,北站,O3,18.3,15.9,10.9,12.3,17.2,11.1,10.9,11.5,14.5,15.9,21.1,27.7,33.2,38.7,41.3,38.9,36.8,31.3,26.4,21.3,16.7,15.2,17.2,18.5
2017/02/26,北站,O3,19.7,16.3,13.5,19.2,21.8,19.7,19.7,24.8,31.4,33.4,36.4,38.5,46.5,51.1,51.9,49.9,50.4,46.8,43.4,39.4,38.8,38.5,35.2,30.4
2017/02/27,北站,O3,27.7,27.2,29.5,22.2,22.1,22.2,20.9,19.5,21.9,26.4,34.9,43.7,51.9,61.0,64.4,65.6,59.1,54.8,41.3,33.0,25.5,23.7,23.2,22.7
2017/02/28,北站,O3,18.6,15.3,14.3,16.9,13.3,10.2,5.2,8.2,16.0,28.9,47.3,56.4,68.5,72.3,72.6,68.6,66.8,59.3,47.5,39.8,35.6,32.3,28.7,26.9
2017/03/01,北站,O3,25.3,21.5,16.0,8.0,8.1,15.0,19.4,24.3,35.6,38.4,44.3,46.9,54.5,55.4,56.2,57.7,55.6,52.4,47.6,40.2,39.1,38.3,30.5,24.8
2017/03/02,北站,O3,17.0,12.7,19.0,16.1,17.1,20.7,30.2,41.6,52.9,60.3,64.2,65.6,M71.9,75.3,76.9,75.8,71.3,61.8,51.6,42.8,38.4,30.2,21.1,18.8
2017/03/03,北站,O3,17.1,16.1,18.7,17.1,18.0,17.8,15.9,14.2,14.8,25.2,34.2,52.5,59.9,66.1,69.4,66.2,61.4,56.3,47.3,37.2,30.7,23.9,21.2,17.7
2017/03/04,北站,O3,14.0,13.0,16.9,13.2,11.7,6.5,5.1,8.5,14.7,40.8,61.7,78.2,84.7,81.8,76.6,74.6,72.4,70.8,58.4,44.8,32.6,23.6,21.8,21.4
2017/03/05,北站,O3,29.5,27.7,30.7,25.5,21.5,18.3,17.4,24.8,36.3,47.3,56.2,64.7,72.2,70.8,55.7,51.1,47.3,43.6,37.0,27.5,27.7,18.0,12.1,12.4
2017/03/06,北站,O3,20.9,24.3,22.6,18.7,19.1,10.8,7.5,19.1,21.5,26.5,32.9,38.1,46.3,53.4,56.5,48.1,45.5,40.2,40.6,33.9,25.3,21.7,29.6,28.9
2017/03/07,北站,O3,27.5,27.5,33.8,29.0,29.6,37.3,32.4,30.6,31.0,31.0,30.9,30.7,29.2,28.3,35.2,39.4,32.2,27.7,25.0,17.9,10.8,9.6,6.8,10.5
2017/03/08,北站,O3,8.0,5.9,8.2,9.1,9.1,11.7,22.9,15.8,16.1,16.7,13.1,19.2,26.9,31.9,35.9,31.4,26.6,23.3,17.3,21.9,21.5,19.3,15.4,15.4
2017/03/09,北站,O3,15.1,8.1,4.3,3.2,2.5,3.1,2.8,5.1,12.6,30.0,42.6,56.3,66.0,58.9,57.6,63.2,61.3,52.0,49.6,39.9,35.2,27.8,19.8,16.7
2017/03/10,北站,O3,15.8,16.1,7.5,2.2,2.8,5.7,4.4,7.6,27.4,37.8,49.0,58.7,65.2,64.6,80.6,59.9,71.1,74.4,57.6,39.8,42.4,45.6,42.9,42.1
2017/03/11,北站,O3,40.6,36.2,25.2,18.4,14.0,13.4,10.2,17.5,25.5,41.5,50.9,57.2,66.4,70.3,72.8,66.5,60.6,58.8,56.6,50.2,48.0,43.8,41.4,35.1
2017/03/12,北站,O3,29.2,26.4,24.1,20.7,15.1,11.2,12.5,11.7,24.7,43.6,61.5,76.9,76.9,72.5,78.8,76.8,68.0,60.9,54.7,44.6,36.0,35.5,30.6,24.2
2017/03/13,北站,O3,16.7,15.2,16.8,19.5,22.4,19.3,11.2,16.5,33.1,46.8,52.8,59.4,53.6,51.0,53.2,52.7,50.4,52.2,49.1,49.2,45.1,36.0,33.0,32.4
2017/03/14,北站,O3,33.7,30.8,20.5,18.4,26.0,33.8,34.6,35.2,34.8,37.8,37.2,36.6,39.6,47.6,M46.2,M55.1,55.2,47.3,37.1,34.2,30.2,27.2,32.2,28.9
2017/03/15,北站,O3,24.1,24.4,24.8,30.4,26.8,21.0,19.2,18.5,19.6,19.8,26.8,38.9,58.8,69.6,70.1,72.3,71.6,67.4,58.3,50.4,44.8,32.9,25.3,18.4
2017/03/16,北站,O3,14.3,11.1,10.3,20.3,15.1,6.8,13.8,26.0,22.1,34.6,46.9,54.3,56.7,66.5,71.6,64.2,50.8,39.9,27.7,24.5,26.1,27.7,22.7,17.8
2017/03/17,北站,O3,15.6,13.9,8.0,10.1,12.5,7.1,6.1,7.9,13.4,21.5,44.1,57.6,61.7,64.7,72.1,68.2,66.3,56.2,53.2,46.5,45.7,44.0,36.8,27.1
2017/03/18,北站,O3,19.1,15.9,10.8,8.9,8.8,6.8,6.8,5.5,7.0,13.2,26.6,43.0,56.0,68.8,68.6,65.7,59.2,49.6,42.5,36.7,36.7,37.5,29.9,22.8
2017/03/19,北站,O3,21.0,15.4,17.2,14.3,12.4,6.2,4.0,5.3,10.0,25.0,52.2,55.9,50.5,57.6,60.3,53.1,52.8,42.7,38.0,37.2,32.6,31.6,26.8,22.6
2017/03/20,北站,O3,17.6,13.8,9.1,13.4,16.3,4.8,3.6,7.7,14.0,23.8,36.9,43.7,43.6,46.2,50.1,50.7,49.9,44.7,43.7,34.1,27.6,25.0,25.1,18.1
2017/03/21,北站,O3,7.5,6.2,9.2,6.6,7.8,9.2,4.6,10.0,22.8,31.4,37.3,42.5,47.7,56.2,75.4,92.6,89.8,72.4,59.6,49.3,40.1,32.9,28.8,25.2
2017/03/22,北站,O3,23.7,20.7,13.6,14.2,20.2,17.3,15.2,14.6,20.7,35.6,56.1,75.4,78.4,79.5,78.9,72.7,75.6,66.9,62.5,55.4,59.8,51.0,42.4,39.9
2017/03/23,北站,O3,35.5,32.7,31.1,27.3,23.3,22.2,17.9,19.9,33.4,44.1,52.3,52.9,58.9,59.8,71.2,72.0,71.5,63.9,56.1,44.3,36.5,27.5,26.8,21.7
2017/03/24,北站,O3,19.0,14.9,10.3,11.6,11.4,8.9,12.8,19.9,23.0,34.6,56.1,71.7,80.1,72.7,72.1,70.5,70.0,66.1,59.6,56.1,46.4,41.4,38.1,34.6
2017/03/25,北站,O3,32.6,27.1,21.5,19.0,31.4,24.0,21.4,21.8,27.9,38.0,49.7,55.1,58.6,58.4,58.0,60.0,64.2,52.5,42.3,41.1,37.9,37.1,38.8,37.5
2017/03/26,北站,O3,36.0,36.2,35.6,39.6,38.5,36.2,34.3,34.0,38.7,35.8,38.4,41.4,40.5,36.1,31.9,24.3,25.5,26.8,26.8,24.9,18.4,18.7,17.5,13.4
2017/03/27,北站,O3,11.5,8.4,5.8,3.0,2.3,2.1,2.8,5.6,15.4,37.8,54.5,67.2,74.0,73.6,81.3,82.8,M77.5,73.0,65.0,60.6,53.0,51.8,44.3,37.7
2017/03/28,北站,O3,29.2,14.3,13.7,18.3,23.5,16.0,20.3,19.6,43.0,62.9,69.0,76.0,79.1,72.8,73.7,74.8,74.5,68.4,67.2,61.9,53.4,43.1,48.6,39.0
2017/03/29,北站,O3,30.5,29.4,25.1,23.3,20.6,17.0,8.1,10.3,27.1,46.1,60.3,64.2,66.4,69.5,75.0,82.8,76.2,69.5,65.3,59.4,56.3,43.9,34.8,29.7
2017/03/30,北站,O3,27.6,22.2,16.8,11.5,12.3,12.1,11.5,23.9,37.0,54.1,68.3,73.7,83.1,83.0,96.6,82.6,81.0,67.6,58.0,47.5,40.5,34.2,26.0,19.2
2017/03/31,北站,O3,20.0,17.9,29.3,37.1,36.6,35.2,26.1,27.7,36.1,32.6,42.2,50.3,35.1,33.2,34.8,30.6,27.5,26.5,42.1,30.5,33.7,35.7,41.2,47.6
2017/04/01,北站,O3,48.2,46.5,43.3,45.5,45.6,39.2,33.6,39.4,46.8,55.6,56.9,62.7,67.1,74.6,81.8,85.3,82.6,72.3,65.3,58.4,54.5,47.5,37.4,29.3
2017/04/02,北站,O3,22.2,17.2,23.5,30.1,23.6,22.7,24.9,33.6,44.1,52.1,61.2,71.0,80.6,86.3,90.5,92.8,92.3,85.8,75.0,66.3,60.2,60.9,49.3,35.2
2017/04/03,北站,O3,35.5,24.5,39.0,39.5,21.7,34.1,24.9,39.1,56.5,70.1,77.5,81.3,81.0,76.2,81.9,82.9,78.5,77.1,71.1,61.5,48.5,43.3,33.1,28.8
2017/04/04,北站,O3,36.0,35.5,38.0,40.0,39.5,43.0,39.0,36.5,59.1,69.7,72.0,74.7,74.2,72.8,71.9,72.4,74.8,73.7,69.1,64.4,63.1,60.6,52.7,47.5
2017/04/05,北站,O3,43.5,35.4,28.6,28.5,24.9,24.9,23.5,28.9,43.5,57.1,65.4,71.6,77.2,84.0,90.1,91.1,83.7,69.6,57.5,50.9,40.4,40.0,35.4,28.4
2017/04/06,北站,O3,27.6,24.5,16.8,17.2,17.5,8.9,18.7,25.5,32.2,47.3,63.4,70.1,88.0,95.3,79.0,56.5,45.9,39.8,36.2,35.0,29.9,26.2,18.0,25.6
2017/04/07,北站,O3,23.8,32.5,26.3,24.6,25.4,30.7,29.7,20.2,18.1,29.6,40.6,46.4,52.3,46.9,44.1,39.9,42.4,34.5,24.6,13.3,8.7,13.4,6.9,3.6
2017/04/08,北站,O3,9.9,9.4,7.2,8.3,5.3,10.0,8.4,17.0,26.9,31.5,48.0,59.4,53.0,42.4,49.8,45.3,33.3,28.0,24.3,17.6,9.8,3.3,2.3,3.4
2017/04/09,北站,O3,2.4,3.2,4.1,5.3,2.9,3.2,6.3,9.4,17.3,24.1,36.7,39.4,37.6,32.5,32.0,29.7,28.9,24.2,21.8,16.9,16.2,17.2,14.3,6.6
2017/04/10,北站,O3,4.8,5.3,3.2,5.0,2.4,2.6,3.2,5.7,12.5,26.3,34.5,29.7,22.7,23.4,22.3,20.2,20.1,17.8,13.6,10.8,13.0,11.9,6.6,5.4
2017/04/11,北站,O3,5.4,3.6,2.9,4.8,4.1,2.3,4.9,9.4,15.2,22.5,22.0,19.7,22.2,19.9,19.1,19.3,17.6,16.7,15.8,12.8,9.6,4.9,6.2,5.0
2017/04/12,北站,O3,8.1,7.0,5.5,10.1,27.1,14.0,17.0,19.3,18.1,16.6,14.6,M21.4,19.9,20.7,28.8,32.8,29.1,24.6,23.4,22.7,22.3,20.1,21.8,34.0
2017/04/13,北站,O3,32.6,33.8,34.9,34.6,39.7,38.5,36.9,28.0,25.2,23.0,26.7,28.4,34.7,47.1,51.2,48.2,43.3,38.7,28.9,23.5,19.1,16.8,10.9,9.1
2017/04/14,北站,O3,5.3,2.5,3.1,2.6,3.3,2.5,4.8,14.8,31.4,52.3,68.4,72.5,72.6,77.1,80.6,86.1,77.1,68.3,55.1,49.4,33.8,23.8,19.2,15.9
2017/04/15,北站,O3,11.5,7.4,9.8,5.9,12.1,9.9,9.2,12.6,39.4,53.9,56.8,62.2,70.6,70.9,64.6,58.6,54.1,46.1,41.1,36.2,28.6,21.9,16.6,13.9
2017/04/16,北站,O3,16.1,9.0,13.0,11.2,10.2,8.9,10.5,22.7,34.3,38.3,43.9,47.1,43.8,39.7,48.7,52.5,55.7,48.1,46.0,42.7,35.8,29.3,25.7,21.8
2017/04/17,北站,O3,14.2,11.7,4.4,6.5,8.6,6.2,9.9,14.8,25.6,34.6,44.2,23.1,23.0,17.5,19.2,18.5,18.1,16.5,13.0,12.9,13.3,10.4,10.1,6.1
2017/04/18,北站,O3,5.9,9.4,15.0,13.2,12.8,9.9,10.1,14.0,18.8,26.9,30.1,31.2,33.8,33.2,42.6,47.8,48.3,50.4,48.2,51.9,49.1,49.3,40.4,45.0
2017/04/19,北站,O3,41.4,40.3,27.3,43.2,38.5,19.9,18.7,31.0,48.2,64.8,85.5,86.4,87.8,88.3,64.1,59.8,54.4,39.3,42.1,38.7,30.3,21.5,16.6,15.7
2017/04/20,北站,O3,15.7,17.6,18.7,14.1,14.3,12.5,10.8,15.9,19.7,30.7,40.4,40.7,37.6,35.1,28.4,26.6,22.8,23.4,16.1,12.8,14.3,14.6,12.2,9.2
2017/04/21,北站,O3,9.0,8.8,7.5,6.4,4.2,4.4,6.2,11.8,25.9,33.4,33.8,36.6,37.8,38.1,29.0,25.9,19.1,16.3,14.9,15.2,12.4,14.3,12.5,9.4
2017/04/22,北站,O3,22.3,20.8,17.9,16.9,20.2,30.3,37.2,38.2,40.7,39.7,45.3,49.9,49.7,51.1,47.7,46.4,50.0,43.5,38.5,38.5,38.8,32.5,24.2,23.5
2017/04/23,北站,O3,30.3,33.2,33.6,29.4,23.8,15.3,15.8,19.6,21.9,25.2,32.8,39.6,38.4,40.4,40.7,38.7,30.9,30.4,28.7,33.6,42.8,40.4,34.6,29.2
2017/04/24,北站,O3,22.3,20.0,15.8,13.9,15.2,16.8,19.1,23.3,26.8,32.0,45.0,49.3,54.6,69.5,78.4,85.4,77.4,71.4,66.6,58.6,49.1,42.4,46.5,39.7
2017/04/25,北站,O3,36.9,35.7,35.4,35.4,29.3,21.7,16.4,31.9,51.4,59.1,73.3,88.0,80.7,64.3,60.5,66.0,65.9,60.9,52.7,41.8,36.5,30.1,26.1,21.1
2017/04/26,北站,O3,15.3,15.2,14.0,8.3,6.4,4.3,6.2,11.7,19.9,44.8,55.5,50.1,45.4,49.2,M50.8,53.6,52.7,52.9,57.9,49.1,39.5,33.7,30.7,26.1
2017/04/27,北站,O3,23.4,22.9,18.5,16.3,16.1,15.6,18.8,18.8,18.8,18.4,20.6,23.3,33.5,31.1,25.3,32.5,35.3,42.4,44.5,41.9,42.1,45.8,43.7,45.7
2017/04/28,北站,O3,44.9,45.4,45.1,43.3,40.2,42.7,43.8,36.8,32.3,39.8,47.0,57.0,75.6,83.9,88.7,96.1,97.7,87.7,77.4,64.1,54.1,49.4,44.6,36.7
2017/04/29,北站,O3,28.7,22.9,20.8,23.0,12.3,6.5,10.7,23.5,42.3,64.1,83.1,94.6,99.3,104.5,105.2,100.5,99.2,91.0,83.4,70.4,50.9,48.2,38.0,35.0
2017/04/30,北站,O3,34.4,36.3,37.8,29.3,26.8,21.2,23.1,42.8,64.3,76.7,76.0,74.5,69.1,77.5,80.9,81.9,80.9,82.4,74.9,64.8,60.7,46.8,32.5,31.8
2017/05/01,北站,O3,41.4,38.5,37.1,32.8,26.3,33.2,31.7,36.3,47.1,48.8,55.0,60.2,69.1,76.1,72.6,68.4,72.0,61.2,60.4,55.0,44.6,34.6,24.2,17.0
2017/05/02,北站,O3,21.8,21.0,18.6,14.6,18.1,18.2,16.5,20.3,31.9,49.2,67.4,91.4,62.9,47.7,54.6,53.7,62.4,66.4,55.5,50.3,45.0,32.7,24.3,23.3
2017/05/03,北站,O3,15.3,15.4,20.7,11.9,14.0,15.1,14.9,28.9,38.9,52.0,60.0,62.2,69.6,68.3,54.2,52.9,47.0,42.4,35.4,29.7,28.1,24.0,21.5,27.7
2017/05/04,北站,O3,23.5,24.1,19.3,16.3,16.1,13.7,10.2,19.2,32.4,49.3,62.9,68.1,61.5,41.8,40.7,41.4,44.8,41.1,37.1,28.9,22.2,20.7,21.9,17.5
2017/05/05,北站,O3,14.2,13.0,8.8,3.4,5.5,6.4,6.8,11.6,29.5,37.3,38.5,54.1,51.6,53.6,55.0,50.8,49.1,33.5,24.1,21.1,20.7,18.1,13.1,10.0
2017/05/06,北站,O3,7.7,6.9,4.0,3.3,2.3,2.2,4.9,12.8,25.5,37.5,55.0,56.9,62.1,67.3,62.4,47.7,62.5,58.2,49.8,45.5,42.2,40.6,41.5,37.3
2017/05/07,北站,O3,27.9,24.9,18.7,15.5,11.3,9.2,11.9,19.4,28.3,41.4,51.9,64.8,79.6,79.0,74.0,63.3,62.8,60.0,57.5,49.3,41.1,38.4,31.9,35.4
2017/05/08,北站,O3,37.8,38.1,32.5,26.4,22.8,24.7,21.9,26.7,41.8,47.1,61.7,68.3,67.2,M77,48.6,44.1,45.4,42.8,46.5,45.0,21.7,7.9,5.4,4.7
2017/05/09,北站,O3,2.3,2.3,3.8,5.8,6.7,4.1,7.4,10.3,18.1,25.9,41.3,29.4,28.1,24.9,23.4,23.9,24.1,23.2,22.5,19.8,17.9,17.9,17.7,13.6
2017/05/10,北站,O3,9.7,7.9,5.4,4.4,2.4,2.6,4.9,12.4,19.5,34.9,55.3,76.4,71.5,76.8,78.7,85.4,82.1,70.8,55.7,49.9,45.3,37.9,29.2,29.6
2017/05/11,北站,O3,25.3,21.5,15.2,9.0,6.0,10.6,12.2,22.7,41.3,54.4,58.7,57.5,57.0,49.1,48.6,50.3,48.1,40.5,35.7,30.9,29.1,25.8,23.1,20.3
2017/05/12,北站,O3,18.9,21.8,21.0,9.3,2.5,5.8,12.1,20.3,31.6,43.9,46.6,49.3,46.0,42.6,24.1,17.4,14.1,11.4,11.8,8.0,8.0,6.2,7.6,3.8
2017/05/13,北站,O3,9.8,11.3,7.1,3.1,4.9,2.8,5.6,11.0,19.4,23.4,26.4,28.7,27.6,34.0,40.4,39.5,38.4,39.1,38.2,29.4,25.6,19.9,18.7,15.9
2017/05/14,北站,O3,11.0,16.8,19.1,12.1,6.0,6.0,12.6,28.7,35.9,46.3,54.4,57.9,52.6,50.1,50.5,51.6,53.5,53.3,53.4,50.9,47.6,40.9,33.6,28.2
2017/05/15,北站,O3,22.3,21.8,18.3,14.7,15.9,14.6,20.4,28.9,41.9,50.9,57.8,65.6,64.5,64.2,56.8,52.9,53.8,48.1,44.8,38.7,36.1,31.0,25.1,21.9
2017/05/16,北站,O3,21.6,19.2,17.2,18.0,14.2,9.5,10.8,12.7,14.8,16.4,17.2,15.7,13.1,12.0,11.5,12.1,9.4,12.0,11.7,34.9,48.1,48.0,43.9,34.3
2017/05/17,北站,O3,27.8,25.6,23.4,20.9,20.9,23.3,25.5,32.1,35.5,42.4,50.2,57.2,66.5,75.6,79.1,84.5,89.8,82.5,68.2,57.8,44.0,37.2,27.9,33.2
2017/05/18,北站,O3,20.5,10.5,8.7,5.5,9.9,8.6,10.3,25.9,42.2,62.9,M69.4,M999,M80.7,83.1,80.6,87.3,79.2,68.8,54.2,39.5,30.0,28.8,19.6,30.5
2017/05/19,北站,O3,27.0,13.9,23.2,17.0,16.3,15.0,11.6,11.4,32.2,40.4,54.4,70.7,68.9,66.7,64.2,61.4,59.7,49.0,41.2,36.8,34.6,28.6,23.9,20.8
2017/05/20,北站,O3,23.2,25.8,28.9,21.8,19.9,17.0,17.1,21.9,28.2,30.4,27.2,33.5,38.7,46.3,60.0,62.0,58.0,45.5,39.1,32.7,26.9,21.0,24.2,27.6
2017/05/21,北站,O3,28.4,22.4,16.3,11.2,9.6,9.8,11.7,24.7,35.5,44.3,57.8,61.9,60.8,67.6,70.9,61.3,58.1,54.1,48.9,43.9,37.9,33.1,29.7,30.4
2017/05/22,北站,O3,31.7,33.5,29.3,29.9,23.9,18.4,27.4,30.3,39.1,42.9,51.1,50.8,45.3,45.6,43.6,42.9,43.4,44.0,43.1,45.9,43.4,37.8,29.0,15.9
2017/05/23,北站,O3,10.9,11.0,13.6,12.6,8.7,7.1,10.9,24.3,35.9,40.8,46.2,43.5,40.0,38.2,37.2,34.3,35.2,32.0,26.9,24.5,24.4,22.4,22.1,12.8
2017/05/24,北站,O3,7.6,9.9,8.9,8.7,14.9,13.1,12.0,12.8,14.9,15.9,17.3,28.0,25.8,M22.8,23.6,21.4,20.8,20.7,16.8,15.4,13.8,12.9,11.0,10.2
2017/05/25,北站,O3,3.1,2.0,2.2,2.2,3.0,2.3,3.1,5.3,11.7,19.0,22.7,17.8,24.1,33.9,41.5,47.9,67.5,67.0,55.8,52.1,36.5,30.2,31.4,27.0
2017/05/26,北站,O3,23.0,22.4,28.8,26.6,21.6,23.2,19.6,23.2,27.0,26.9,40.6,62.7,88.1,79.1,68.7,70.7,77.6,76.7,75.4,61.5,46.2,38.4,33.6,28.9
2017/05/27,北站,O3,22.1,16.2,12.3,14.9,13.6,12.4,18.7,29.4,40.9,53.1,60.0,59.9,56.0,50.8,61.0,66.1,65.0,67.2,71.5,70.0,69.5,60.9,58.0,42.3
2017/05/28,北站,O3,34.5,34.2,39.1,32.6,30.1,25.6,19.9,22.1,32.7,43.5,50.8,61.4,60.1,70.4,66.9,71.9,77.1,75.4,71.4,58.5,52.4,43.6,38.0,33.6
2017/05/29,北站,O3,30.3,27.0,21.2,19.6,16.9,10.4,12.0,21.1,37.0,55.3,69.9,74.8,84.1,75.0,73.6,66.2,61.3,59.4,54.1,51.7,48.7,47.7,42.0,34.5
2017/05/30,北站,O3,30.8,31.8,25.7,25.6,21.6,25.9,35.5,38.3,34.6,33.9,32.9,29.2,24.0,22.4,15.4,21.0,13.4,17.9,13.8,11.6,13.2,13.8,13.4,8.8
2017/05/31,北站,O3,7.2,10.0,10.1,10.4,4.3,5.1,19.8,29.1,31.6,35.0,38.0,41.7,43.6,43.4,41.9,33.4,32.1,30.7,29.0,19.0,9.5,6.9,9.7,7.4
2017/06/01,北站,O3,10.0,6.4,5.3,8.9,8.7,9.6,11.1,5.4,9.5,15.9,23.2,23.5,18.1,17.7,20.1,16.1,13.9,14.0,13.7,13.9,12.5,7.1,11.8,15.1
2017/06/02,北站,O3,14.9,14.6,14.7,13.2,12.3,12.8,10.9,12.1,12.0,15.4,19.3,20.1,19.7,18.6,19.0,19.7,20.3,19.7,19.6,18.5,17.3,15.6,14.7,16.2
2017/06/03,北站,O3,16.0,16.4,16.2,17.2,16.9,16.6,15.6,15.7,19.2,21.2,24.3,23.3,22.3,21.6,19.8,18.9,19.3,18.9,21.3,20.3,18.1,19.8,20.2,39.2
2017/06/04,北站,O3,40.0,37.5,35.7,34.9,32.7,26.1,19.5,22.6,17.6,17.5,14.9,13.9,18.0,24.4,23.8,21.2,20.4,16.1,14.3,11.9,9.1,6.8,4.5,2.6
2017/06/05,北站,O3,7.4,7.7,6.8,2.3,10.0,6.4,8.4,11.6,18.3,23.7,34.6,47.3,M47,28.5,31.5,32.3,26.9,24.5,21.8,14.5,9.5,6.1,3.9,3.3
2017/06/06,北站,O3,3.2,3.1,3.8,2.0,3.0,3.9,6.0,9.9,16.9,21.7,39.2,58.8,47.6,35.5,27.4,27.7,25.6,25.4,24.0,21.2,23.6,17.9,15.6,13.2
2017/06/07,北站,O3,8.6,6.7,7.6,5.1,4.9,3.6,6.6,14.6,22.7,35.0,55.5,71.3,63.9,52.7,41.8,28.0,26.7,28.1,25.4,21.5,16.7,14.5,14.4,8.8
2017/06/08,北站,O3,4.7,2.9,5.4,6.6,3.7,4.7,5.3,9.7,14.3,11.1,31.4,48.3,51.1,54.3,57.1,44.5,36.1,27.8,27.6,29.1,20.9,21.9,27.2,22.4
2017/06/09,北站,O3,20.0,17.1,16.1,14.4,8.5,4.7,8.4,23.0,30.6,30.1,57.3,68.3,71.5,72.9,68.1,53.4,46.2,46.2,40.5,24.6,16.4,19.0,16.3,17.1
2017/06/10,北站,O3,11.1,12.4,12.2,9.2,7.2,6.0,8.8,14.1,19.0,28.8,53.1,52.2,34.5,21.7,15.1,16.1,14.5,14.3,8.2,5.3,6.1,3.0,4.6,4.0
2017/06/11,北站,O3,5.5,3.3,4.3,3.8,2.1,3.3,6.0,10.5,17.1,26.3,34.0,37.9,36.3,32.5,26.4,20.8,16.8,21.6,23.4,19.0,13.4,12.9,9.1,6.7
2017/06/12,北站,O3,6.3,7.5,10.5,9.5,10.0,11.4,12.9,17.8,26.2,33.8,47.3,31.3,27.5,24.5,27.7,26.0,25.2,23.8,21.7,16.3,13.9,16.1,14.6,12.1
2017/06/13,北站,O3,11.0,10.2,9.4,9.6,11.1,9.9,9.6,13.0,15.6,25.9,34.6,29.8,24.1,22.1,20.7,17.1,15.2,10.3,7.5,9.1,5.7,7.2,6.9,8.0
2017/06/14,北站,O3,9.5,9.6,8.2,9.9,9.9,8.8,9.6,13.1,7.3,9.0,8.5,13.2,14.7,17.1,16.4,15.6,14.6,15.5,14.7,13.6,12.2,7.4,8.7,5.5
2017/06/15,北站,O3,3.8,5.6,4.1,3.1,3.1,5.8,6.9,5.4,5.5,7.2,8.1,11.0,10.5,10.6,10.0,8.9,10.5,8.6,6.7,5.9,6.5,7.0,8.0,5.8
2017/06/16,北站,O3,8.3,18.3,18.7,16.3,6.4,7.1,8.6,10.8,16.2,22.7,28.3,27.1,20.3,17.7,16.3,14.1,12.3,11.4,8.3,8.1,5.6,4.6,10.3,11.0
2017/06/17,北站,O3,9.9,5.3,7.6,7.1,8.9,21.1,15.3,16.2,19.8,22.0,22.9,21.6,22.2,23.5,20.3,17.0,12.6,9.9,9.8,16.6,13.8,10.0,10.3,8.3
2017/06/18,北站,O3,9.9,10.4,9.4,13.5,12.3,12.7,6.6,9.2,9.8,12.2,15.7,20.0,21.8,19.0,15.2,17.2,13.7,9.0,5.7,5.4,3.9,6.6,13.3,8.2
2017/06/19,北站,O3,5.9,3.3,3.3,6.7,5.8,2.4,6.2,9.4,10.1,18.5,20.9,20.0,16.2,15.5,15.2,15.5,12.4,12.6,11.2,5.3,4.8,8.5,2.7,4.1
2017/06/20,北站,O3,3.7,2.6,6.1,6.3,4.2,3.6,6.3,10.6,14.4,16.1,23.2,23.6,21.7,M21.5,M23.8,21.5,20.1,13.5,7.6,5.4,2.5,2.9,2.0,2.6
2017/06/21,北站,O3,3.9,5.7,6.4,4.3,5.2,5.6,7.8,8.5,16.2,27.2,36.2,23.8,25.3,27.5,23.3,20.1,19.1,15.8,11.5,8.2,2.0,2.3,2.4,2.3
2017/06/22,北站,O3,1.8,1.9,4.5,5.2,4.9,2.7,7.8,12.1,20.5,25.0,29.5,33.6,34.4,22.6,22.8,21.5,19.7,19.4,17.1,15.2,11.8,10.1,6.7,6.7
2017/06/23,北站,O3,3.0,2.8,1.6,1.8,2.4,3.1,5.2,13.9,30.2,43.5,33.5,31.2,25.3,25.8,23.3,22.4,21.8,20.4,18.5,17.6,12.7,9.6,8.8,5.8
2017/06/24,北站,O3,2.1,3.4,2.0,3.2,6.2,5.2,8.2,13.3,20.0,23.1,28.1,26.6,25.5,22.0,20.0,20.1,20.1,20.7,18.1,15.8,13.6,8.8,5.8,5.6
2017/06/25,北站,O3,4.3,2.9,1.9,4.7,3.3,2.9,4.0,8.9,22.9,25.9,25.2,23.5,23.8,23.2,25.2,23.3,21.0,19.7,17.9,15.5,10.6,6.0,4.8,5.3
2017/06/26,北站,O3,3.6,5.7,5.9,2.9,4.5,4.5,4.5,14.6,25.1,31.6,28.5,27.7,24.6,21.1,21.5,21.2,19.2,18.0,15.2,12.5,13.2,12.4,10.1,11.6
2017/06/27,北站,O3,11.1,6.4,3.7,3.0,2.2,2.8,3.6,6.1,14.6,25.4,22.6,M25.9,M17.7,18.1,19.4,20.9,18.9,19.0,17.2,14.1,14.8,9.8,7.4,5.0
2017/06/28,北站,O3,9.1,9.4,7.3,7.9,7.0,3.4,7.4,16.3,23.5,28.9,31.7,32.2,27.7,25.6,24.6,21.4,18.8,17.9,17.1,14.5,18.1,18.9,15.5,16.5
2017/06/29,北站,O3,16.3,13.4,7.9,6.9,3.5,3.3,5.1,11.8,23.0,28.3,41.0,48.8,36.2,37.0,36.5,42.7,33.3,30.4,27.9,22.9,14.6,14.3,10.9,6.1
2017/06/30,北站,O3,7.8,10.6,7.1,8.3,5.2,7.8,11.8,13.5,26.1,35.0,50.7,62.5,70.4,61.8,40.2,36.0,35.3,22.0,15.4,13.2,12.0,13.2,12.2,9.4
2017/07/01,北站,O3,4.3,5.8,4.2,5.0,2.7,3.2,6.3,7.6,16.8,29.9,49.9,35.4,24.6,21.8,17.0,16.8,12.0,13.7,10.1,6.2,4.9,4.6,2.7,2.3
2017/07/02,北站,O3,5.3,5.0,5.2,2.6,4.7,4.3,5.4,9.7,18.2,22.1,25.9,24.0,22.9,19.8,17.3,16.4,14.8,14.2,9.6,13.2,18.1,14.6,11.8,12.8
2017/07/03,北站,O3,12.9,11.1,7.8,7.7,3.4,4.2,6.4,8.8,18.7,32.4,35.2,34.5,35.0,29.2,31.6,31.7,31.0,24.1,18.5,9.2,5.4,10.7,11.2,7.7
2017/07/04,北站,O3,6.8,6.1,5.9,7.0,6.3,2.2,4.2,7.6,16.4,26.2,49.6,42.9,23.4,13.7,8.6,13.0,14.6,8.5,7.7,2.9,4.1,4.5,6.5,3.7
2017/07/05,北站,O3,2.3,2.4,2.8,2.5,2.4,2.3,4.2,8.1,14.6,27.1,42.1,M48.3,57.5,78.3,81.9,69.1,52.9,32.4,31.7,22.4,24.7,43.4,42.1,37.4
2017/07/06,北站,O3,27.8,23.4,21.1,19.0,10.9,16.7,17.7,25.3,30.5,37.6,40.4,42.2,37.3,39.4,27.1,19.3,17.9,18.8,18.3,17.4,13.2,12.1,9.0,14.1
2017/07/07,北站,O3,6.8,10.3,7.4,7.6,11.6,4.6,5.9,7.1,13.5,28.2,39.2,31.0,24.1,18.9,18.6,12.0,7.8,10.5,10.7,11.6,8.8,5.6,7.7,5.6
2017/07/08,北站,O3,7.8,3.1,3.4,5.3,6.3,2.3,3.9,6.3,12.0,27.4,35.1,35.9,25.0,21.6,20.9,17.4,15.2,18.4,22.6,19.9,18.7,9.9,10.2,10.3
2017/07/09,北站,O3,6.6,7.8,5.5,3.2,4.6,2.4,4.2,7.2,14.5,20.6,32.8,43.5,50.8,48.2,40.4,20.4,19.6,12.5,8.5,8.8,11.1,9.0,4.7,10.5
2017/07/10,北站,O3,4.9,3.8,5.3,6.2,4.7,4.9,5.0,6.6,14.9,38.7,60.4,32.3,20.1,20.9,24.5,18.3,18.3,14.4,8.0,4.6,4.5,3.4,5.7,9.2
2017/07/11,北站,O3,9.2,10.6,5.3,4.4,5.3,2.4,5.8,13.4,21.7,35.8,69.6,62.3,53.6,39.0,24.6,21.3,18.5,20.4,20.9,21.0,15.9,13.0,10.7,9.1
2017/07/12,北站,O3,8.5,7.2,5.4,4.6,4.3,3.2,5.5,12.0,20.8,32.9,53.6,70.7,59.3,52.8,42.2,37.7,26.2,24.7,19.9,10.6,9.7,13.6,8.1,8.9
2017/07/13,北站,O3,8.5,7.5,8.1,6.0,3.4,3.8,5.7,8.2,18.7,25.0,37.4,39.0,45.0,44.4,47.1,48.1,52.3,44.0,32.1,24.9,19.3,13.4,19.5,14.8
2017/07/14,北站,O3,19.2,16.5,15.7,13.5,6.7,7.7,10.7,14.4,20.1,28.3,39.9,47.0,52.9,52.5,48.7,35.6,36.1,27.8,25.7,21.3,22.7,19.8,17.3,14.8
2017/07/15,北站,O3,9.7,10.1,8.7,5.2,4.7,5.3,7.1,15.8,22.1,33.1,42.1,51.0,58.5,55.4,47.3,44.7,30.7,26.6,25.5,17.0,22.9,19.9,11.8,10.7
2017/07/16,北站,O3,13.9,11.8,12.4,7.6,7.8,7.7,13.6,21.8,30.8,46.4,55.4,64.2,68.0,72.4,54.4,42.8,37.5,28.7,20.7,16.5,14.7,12.4,5.0,4.1
2017/07/17,北站,O3,8.2,5.1,3.3,3.8,6.3,3.7,4.3,6.0,5.4,11.2,22.8,34.4,40.8,45.0,51.1,59.7,64.7,48.8,40.5,34.0,24.4,19.9,16.3,10.9
2017/07/18,北站,O3,7.7,10.6,13.8,11.8,6.3,4.3,7.4,13.6,26.2,47.0,70.0,80.1,84.8,77.8,74.0,75.3,66.4,37.6,25.3,15.5,11.1,10.6,6.6,7.5
2017/07/19,北站,O3,10.1,8.4,8.8,8.5,9.1,4.8,8.4,18.4,39.4,53.3,58.2,M64.9,M999,75.4,55.9,53.2,51.3,52.4,43.1,28.6,24.3,26.8,26.5,26.0
2017/07/20,北站,O3,20.9,20.5,17.2,13.2,11.0,11.3,16.9,27.1,37.9,48.3,58.7,71.3,68.2,63.6,59.3,50.6,55.4,44.4,35.8,30.4,22.1,18.5,17.5,13.9
2017/07/21,北站,O3,13.0,14.4,11.5,10.8,11.3,4.7,6.1,13.9,26.5,46.9,55.5,66.8,57.2,46.9,54.5,50.5,44.7,37.4,29.9,22.0,6.0,10.8,7.0,10.6
2017/07/22,北站,O3,11.9,7.3,9.2,12.2,10.3,10.8,13.5,16.6,25.1,29.8,43.9,56.5,70.8,82.4,61.2,47.8,49.0,49.2,45.5,44.1,39.5,33.9,37.1,37.7
2017/07/23,北站,O3,31.3,31.3,32.1,27.1,27.3,22.3,21.4,27.8,34.5,41.0,38.4,42.5,34.1,32.1,34.8,30.5,21.1,19.7,12.2,8.5,11.9,7.4,6.6,4.5
2017/07/24,北站,O3,3.8,6.8,6.6,4.3,5.6,2.9,5.4,10.4,19.2,25.6,36.8,47.9,56.3,44.3,31.5,28.5,27.0,23.1,24.5,27.1,23.3,12.3,20.1,13.1
2017/07/25,北站,O3,17.9,14.6,16.8,12.0,6.9,9.6,10.1,13.4,20.0,32.6,43.3,50.0,50.2,56.2,59.3,38.3,36.6,38.0,27.5,19.0,11.9,16.1,15.4,14.9
2017/07/26,北站,O3,9.8,8.2,7.6,10.6,9.6,7.6,8.9,14.4,31.6,43.4,56.4,59.0,47.9,50.5,66.5,59.7,34.4,30.8,26.4,16.4,18.5,18.3,18.8,11.9
2017/07/27,北站,O3,12.1,6.2,10.4,10.1,8.5,8.3,8.6,11.5,17.1,23.0,34.7,43.3,49.2,46.2,50.3,62.2,58.0,53.2,49.5,39.9,33.4,28.2,21.4,21.7
2017/07/28,北站,O3,17.2,11.2,9.1,12.6,11.2,7.5,6.5,18.1,33.9,48.0,48.5,50.2,42.1,31.9,38.4,48.4,56.3,62.1,69.1,50.6,40.4,40.5,50.0,42.3
2017/07/29,北站,O3,31.7,24.2,15.5,17.4,18.5,20.4,19.2,28.7,38.4,39.7,43.7,49.8,34.0,27.1,26.7,27.1,18.2,16.1,16.6,13.8,14.2,13.7,14.3,16.8
2017/07/30,北站,O3,9.1,7.7,13.9,16.0,15.2,14.5,20.3,21.8,23.7,24.9,27.3,32.8,33.2,34.5,37.0,35.7,29.2,23.2,22.5,23.0,24.6,24.6,24.5,28.7
2017/07/31,北站,O3,21.2,37.8,52.9,46.8,46.0,45.4,43.9,42.6,44.7,35.9,22.8,22.1,21.5,18.0,17.6,17.1,15.9,13.8,8.7,6.8,10.5,9.8,8.9,13.1
2017/08/01,北站,O3,13.0,13.4,12.0,13.9,13.8,14.4,11.9,14.1,14.8,12.0,11.6,16.1,17.4,20.2,11.6,13.8,14.1,14.3,10.1,8.5,9.6,8.2,6.3,7.1
2017/08/02,北站,O3,13.3,10.2,8.5,9.1,10.9,7.1,10.5,12.8,11.0,12.3,14.2,21.3,47.1,34.9,52.3,69.4,52.8,32.2,21.7,14.8,6.3,10.3,14.9,9.5
2017/08/03,北站,O3,9.8,7.4,3.7,5.0,5.2,3.9,9.9,10.5,21.9,28.7,46.9,M999,49.2,46.4,31.5,34.8,39.5,25.4,24.2,20.8,19.3,17.4,14.8,9.6
2017/08/04,北站,O3,6.8,14.7,11.1,10.7,10.7,3.8,6.6,8.0,18.8,31.8,38.4,39.6,44.4,43.7,35.5,26.2,24.6,23.9,21.6,20.7,11.0,8.6,9.7,3.2
2017/08/05,北站,O3,7.1,8.7,6.8,8.1,6.5,5.4,5.8,8.9,17.8,34.0,30.9,26.3,27.0,25.4,27.0,24.9,21.2,23.7,20.1,14.9,13.6,9.4,5.4,2.5
2017/08/06,北站,O3,2.2,1.7,1.6,3.1,3.3,5.8,4.4,10.9,19.3,21.4,20.7,20.3,17.1,17.8,20.7,21.6,21.3,18.5,17.5,14.2,12.1,2.7,1.8,2.4
2017/08/07,北站,O3,4.6,3.9,3.4,5.0,3.0,2.8,3.5,7.5,18.9,17.5,17.4,21.1,24.0,17.1,19.6,18.9,20.0,16.8,15.7,10.3,6.5,5.2,6.2,5.4
2017/08/08,北站,O3,6.5,4.8,3.0,2.1,3.1,2.8,3.8,7.2,14.3,22.9,20.9,21.0,22.2,20.2,22.1,19.4,18.9,17.6,15.0,10.2,4.5,3.8,4.2,5.5
2017/08/09,北站,O3,3.7,4.6,5.9,8.1,7.8,2.4,3.2,8.1,17.9,24.7,25.6,20.4,22.1,20.6,18.1,18.7,19.5,16.3,13.8,10.8,8.0,3.8,4.3,3.8
2017/08/10,北站,O3,3.2,6.4,6.0,5.0,7.9,8.4,7.9,9.5,13.4,13.6,19.0,16.8,23.3,28.4,24.2,24.5,22.5,23.3,16.9,10.6,2.6,6.2,3.0,3.1
2017/08/11,北站,O3,2.8,5.4,5.7,2.8,2.4,2.2,4.0,7.0,19.8,19.2,21.9,23.6,22.2,22.0,21.8,22.8,21.9,20.0,17.3,13.7,12.8,9.0,2.4,2.4
2017/08/12,北站,O3,2.5,2.4,3.8,3.3,5.7,3.0,5.1,7.4,15.3,20.3,21.3,20.7,21.7,20.1,21.5,20.5,20.8,21.1,19.1,14.8,14.9,11.8,10.7,8.9
2017/08/13,北站,O3,5.5,4.8,4.4,4.0,4.9,2.4,4.1,9.4,18.8,23.0,23.2,23.3,23.4,21.2,19.3,19.1,17.0,14.3,12.3,9.7,11.4,11.4,12.0,3.0
2017/08/14,北站,O3,5.2,3.8,2.2,1.9,1.7,2.1,3.2,7.3,14.9,18.3,17.8,21.7,18.2,16.7,15.5,15.3,16.5,15.9,12.7,9.8,9.1,7.0,9.1,9.2
2017/08/15,北站,O3,4.9,4.7,4.9,2.8,3.0,2.0,4.0,9.4,19.5,24.2,22.4,21.4,19.1,18.5,M16.6,16.9,16.2,17.2,P^,P9.9,P10.6,P3.3,8.4,8.2
2017/08/16,北站,O3,7.0,3.3,4.0,4.0,2.9,2.2,3.2,8.2,15.2,21.7,25.9,31.1,28.3,24.0,19.0,17.6,17.2,16.2,14.4,16.6,17.5,8.5,8.2,7.4
2017/08/17,北站,O3,10.1,8.7,4.5,4.8,4.3,3.8,5.1,8.8,16.9,31.0,39.5,42.5,46.0,47.6,51.2,46.4,36.2,25.7,15.6,11.6,10.6,7.5,5.4,4.4
2017/08/18,北站,O3,8.7,9.7,4.9,4.7,3.1,3.5,4.9,10.5,21.0,29.3,35.7,45.9,37.6,31.4,30.5,23.8,16.4,14.2,17.1,17.7,18.1,14.6,11.9,5.6
2017/08/19,北站,O3,2.7,14.2,11.0,10.0,6.7,3.2,7.4,12.5,21.5,26.0,36.9,28.2,30.7,24.1,22.3,23.0,20.2,18.1,21.5,17.3,16.7,16.1,12.5,9.8
2017/08/20,北站,O3,4.8,3.8,4.3,4.1,6.9,3.6,5.5,11.5,15.2,23.6,31.6,32.6,31.8,25.8,23.9,24.6,26.7,35.8,37.0,28.6,22.3,19.0,15.7,14.0
2017/08/21,北站,O3,14.2,11.2,10.8,12.8,12.6,7.8,9.9,17.4,16.9,34.6,46.7,63.2,61.1,58.9,45.4,48.8,39.9,37.6,25.4,19.4,15.9,9.0,14.9,28.5
2017/08/22,北站,O3,29.9,29.4,23.9,17.5,14.4,8.6,4.7,5.7,11.1,46.9,77.0,66.0,54.2,58.1,74.1,41.3,12.2,11.9,6.8,4.2,6.5,6.0,5.3,8.6
2017/08/23,北站,O3,6.8,7.8,7.3,11.1,12.5,8.8,6.6,8.1,14.8,21.4,24.7,23.0,37.1,31.5,25.6,26.7,27.3,19.7,11.7,9.2,9.3,6.8,6.3,10.5
2017/08/24,北站,O3,5.4,5.9,5.1,4.8,3.6,2.6,2.3,3.3,6.1,16.2,29.5,50.3,64.2,64.4,58.5,48.6,35.8,27.8,20.4,17.4,20.7,18.8,16.5,16.9
2017/08/25,北站,O3,9.3,6.7,6.4,4.7,3.8,3.2,5.7,11.3,21.2,32.4,38.0,42.6,47.0,54.1,49.2,42.7,35.7,30.3,28.8,26.0,25.6,23.0,18.9,17.6
2017/08/26,北站,O3,16.3,15.7,17.6,13.9,11.2,9.0,9.2,14.9,23.0,38.2,49.3,57.6,58.6,56.1,30.5,32.3,37.4,39.5,29.8,21.6,18.7,13.0,7.4,10.6
2017/08/27,北站,O3,4.8,4.1,4.3,3.4,3.1,5.5,7.6,15.7,20.0,30.3,33.9,54.4,69.1,60.5,36.5,22.3,22.4,22.2,17.6,16.0,23.8,21.7,21.6,18.1
2017/08/28,北站,O3,13.1,11.1,8.2,6.7,4.6,3.7,5.5,10.8,22.4,29.7,35.0,43.3,51.4,54.0,55.0,45.0,40.9,34.4,33.0,30.1,27.4,25.6,18.8,15.4
2017/08/29,北站,O3,13.8,13.6,11.7,10.3,4.2,2.3,3.6,8.5,25.3,26.4,29.9,M34.2,40.0,37.4,36.7,54.8,54.7,44.2,35.8,29.3,16.8,15.0,17.6,21.4
2017/08/30,北站,O3,11.7,11.6,12.3,10.2,10.0,11.6,11.2,15.0,27.8,34.0,44.3,52.0,57.5,64.6,69.6,62.7,42.5,27.5,31.5,19.6,23.2,20.9,25.3,20.9
2017/08/31,北站,O3,22.0,21.5,15.2,19.1,13.6,14.8,15.6,7.7,10.9,20.5,29.1,33.3,47.6,57.9,50.7,34.0,30.5,24.0,19.9,13.3,11.9,2.5,2.0,6.6
2017/09/01,北站,O3,6.2,8.9,6.0,6.2,6.2,8.2,5.8,3.6,2.8,3.9,6.6,8.8,16.3,29.3,44.4,54.4,68.8,62.8,60.7,51.3,46.9,34.1,35.2,12.6
2017/09/02,北站,O3,10.5,9.9,8.7,10.4,10.0,8.8,5.5,7.0,13.8,25.2,39.6,46.5,46.8,40.7,40.2,36.0,33.3,33.7,32.5,27.0,20.7,15.3,10.5,9.2
2017/09/03,北站,O3,9.4,20.1,21.4,20.1,19.2,11.4,16.0,20.5,32.8,39.7,47.4,42.2,42.8,43.2,35.8,35.1,31.7,24.9,17.0,12.3,11.0,14.3,16.3,16.3
2017/09/04,北站,O3,19.6,9.2,16.9,21.2,19.4,13.6,9.2,10.0,15.3,30.3,39.1,62.5,63.4,51.7,50.9,31.7,25.3,25.4,24.8,23.2,20.4,17.4,14.2,19.3
2017/09/05,北站,O3,19.0,17.5,16.3,12.5,7.9,7.8,9.5,11.8,25.0,37.0,45.2,59.2,65.3,49.7,44.7,36.9,35.8,38.1,34.4,31.9,28.7,25.1,21.9,20.7
2017/09/06,北站,O3,20.5,20.9,25.3,24.4,23.4,18.1,16.3,19.6,18.6,23.8,36.2,48.8,37.8,38.4,34.3,29.4,25.4,23.1,25.6,28.6,26.5,22.1,20.4,20.6
2017/09/07,北站,O3,16.1,6.1,10.9,13.1,14.7,19.3,21.1,18.0,19.0,28.3,28.4,23.7,22.5,23.1,26.4,22.2,20.6,20.0,18.0,22.4,23.2,19.1,10.3,13.3
2017/09/08,北站,O3,10.0,3.2,3.9,2.3,2.4,5.8,4.2,7.5,11.7,17.3,21.9,26.5,22.5,25.0,23.4,23.4,22.4,22.2,17.6,12.5,10.3,10.6,5.6,2.3
2017/09/09,北站,O3,2.4,2.8,1.6,2.1,3.0,1.9,5.0,11.4,16.6,25.1,44.5,51.5,43.5,34.1,32.3,27.5,26.7,23.8,22.6,21.5,15.6,10.8,10.0,5.9
2017/09/10,北站,O3,2.3,1.9,2.1,2.3,2.7,2.1,3.5,11.3,20.5,23.9,31.2,31.7,31.3,32.1,29.5,25.5,22.3,20.9,18.1,14.3,11.3,9.9,2.2,2.3
2017/09/11,北站,O3,2.6,4.6,3.3,2.8,2.9,1.9,3.2,9.7,16.6,23.8,28.3,25.1,18.1,16.6,19.4,23.9,25.4,23.0,20.9,19.4,17.3,11.0,11.8,5.2
2017/09/12,北站,O3,4.1,2.3,2.7,4.8,3.3,2.2,3.8,7.4,13.6,22.0,37.7,51.8,48.4,43.8,M40.1,40.5,38.3,36.8,57.6,52.4,32.0,21.1,9.2,7.7
2017/09/13,北站,O3,17.8,23.9,18.2,7.8,10.6,12.7,15.8,20.0,34.1,40.7,52.7,54.0,59.6,69.3,80.2,79.6,68.9,56.7,47.0,41.4,33.9,31.6,28.8,25.3
2017/09/14,北站,O3,26.4,23.5,19.7,16.3,12.7,9.8,9.5,17.3,30.6,47.9,57.5,67.2,66.2,70.5,78.2,81.4,68.1,59.1,50.8,43.9,35.9,28.9,23.4,18.7
2017/09/15,北站,O3,14.4,10.4,15.8,11.3,11.7,3.8,8.4,23.7,38.3,43.7,53.9,59.2,60.4,50.8,43.9,44.4,49.1,39.8,36.9,33.9,31.1,30.9,27.6,30.1
2017/09/16,北站,O3,16.4,11.0,12.2,8.4,5.1,2.9,6.7,18.0,37.2,47.1,58.5,72.7,77.3,63.7,60.8,63.5,61.0,57.8,61.6,64.4,51.8,45.0,40.3,29.5
2017/09/17,北站,O3,22.3,18.8,17.4,17.4,11.4,11.9,18.5,31.8,39.7,47.0,57.7,66.7,71.3,81.5,93.9,77.1,75.5,65.9,55.2,41.9,39.9,37.9,34.8,26.9
2017/09/18,北站,O3,19.8,26.3,24.5,17.7,17.4,15.6,16.8,31.4,45.2,63.7,75.2,90.5,105.2,104.7,97.0,94.0,88.3,86.0,73.8,60.4,55.0,44.7,36.4,34.7
2017/09/19,北站,O3,30.4,22.0,33.1,21.0,25.0,9.2,13.7,30.3,38.6,53.7,60.2,63.2,62.0,65.4,64.9,61.8,59.6,58.2,52.9,45.9,40.6,33.8,27.4,10.7
2017/09/20,北站,O3,8.6,23.1,24.9,12.4,14.6,8.9,8.6,19.7,37.3,55.8,70.3,78.1,79.2,86.2,93.0,81.1,59.0,51.1,42.2,39.3,38.5,46.0,38.1,42.6
2017/09/21,北站,O3,53.4,40.0,27.7,23.1,24.7,22.4,19.6,27.1,44.6,67.7,72.1,69.2,78.1,87.1,85.3,91.8,80.4,67.3,59.2,55.9,44.3,35.6,28.0,22.7
2017/09/22,北站,O3,30.6,29.2,21.8,20.2,18.3,13.7,11.0,16.2,30.4,51.2,72.0,86.8,79.4,81.9,76.7,65.3,56.3,55.3,48.3,43.8,42.7,42.3,32.2,27.0
2017/09/23,北站,O3,21.7,28.4,22.4,15.9,13.8,9.6,8.0,18.0,37.5,52.5,70.4,80.3,78.6,71.9,66.8,61.6,48.4,43.3,33.0,25.7,20.5,24.2,26.1,26.5
2017/09/24,北站,O3,8.6,5.9,6.9,7.0,5.1,9.3,7.6,16.5,33.9,52.6,66.6,63.9,63.9,55.3,52.4,55.7,55.4,47.9,44.2,40.5,36.5,32.0,28.2,26.4
2017/09/25,北站,O3,24.2,17.8,14.6,11.8,11.9,11.5,8.2,17.8,31.6,39.6,47.0,43.6,41.4,44.6,46.0,42.2,31.3,29.3,25.9,23.3,20.0,19.3,16.3,18.5
2017/09/26,北站,O3,18.6,17.4,13.9,9.8,6.2,5.3,7.0,10.6,22.7,30.7,M38.6,M-999,M44.1,41.6,36.7,34.2,30.5,26.6,20.6,14.2,11.5,9.8,14.4,7.4
2017/09/27,北站,O3,5.2,3.8,2.6,2.5,2.6,2.7,3.3,9.3,20.3,35.0,52.9,58.3,54.1,48.3,50.9,43.0,37.4,36.2,29.5,22.3,19.3,15.0,15.3,10.9
2017/09/28,北站,O3,4.9,6.5,6.0,6.0,5.9,6.6,4.4,8.5,15.9,25.6,42.9,37.9,35.6,36.1,36.3,34.9,35.2,26.8,20.0,18.0,16.0,11.8,9.8,7.8
2017/09/29,北站,O3,5.5,4.0,4.7,4.4,3.6,2.4,3.2,6.7,26.0,40.0,55.1,65.7,69.2,72.7,76.0,69.3,44.9,32.7,31.8,25.6,20.4,21.1,11.2,12.4
2017/09/30,北站,O3,7.6,7.3,5.5,7.0,9.1,6.7,5.3,9.4,17.3,47.4,81.6,87.2,71.6,67.3,57.0,53.0,45.5,40.8,39.9,42.0,37.1,30.7,21.0,18.3
2017/10/01,北站,O3,12.8,10.6,6.4,8.3,10.0,7.9,10.0,16.4,28.7,52.3,63.5,72.1,58.1,51.4,46.9,48.4,46.4,45.0,42.0,38.6,36.2,27.3,19.0,17.8
2017/10/02,北站,O3,26.4,12.6,20.6,14.6,8.8,11.3,9.7,17.1,34.0,46.4,53.2,60.8,61.5,50.6,51.6,60.3,60.5,45.6,39.6,28.4,29.3,16.6,12.2,9.0
2017/10/03,北站,O3,7.0,15.0,11.2,11.0,4.7,3.3,5.7,17.3,35.2,47.0,57.6,57.6,64.9,57.9,61.4,63.3,58.3,41.3,32.3,32.1,13.1,8.0,19.3,14.8
2017/10/04,北站,O3,17.6,15.6,24.0,23.0,20.3,15.2,18.2,24.3,36.3,52.1,52.3,60.6,67.9,68.9,74.3,73.7,70.1,65.9,51.5,43.5,33.2,25.9,20.2,14.1
2017/10/05,北站,O3,13.4,12.5,9.9,6.3,5.3,6.3,7.1,14.3,23.8,42.1,56.0,72.0,68.9,74.6,70.5,64.9,67.0,59.8,44.9,34.3,37.3,33.4,29.5,24.2
2017/10/06,北站,O3,20.1,17.9,16.8,13.3,15.2,6.6,7.0,13.9,32.4,43.6,57.1,80.6,76.9,72.2,68.1,61.1,55.5,47.8,38.4,32.7,29.6,24.5,25.9,19.7
2017/10/07,北站,O3,24.5,19.5,16.1,21.3,13.5,10.3,7.5,22.2,36.8,56.0,69.9,77.5,78.5,75.5,70.8,69.6,69.8,71.0,59.4,40.4,27.7,18.1,26.7,22.9
2017/10/08,北站,O3,20.0,24.1,21.7,19.3,14.9,16.1,11.8,22.0,27.7,42.2,61.7,73.7,79.8,81.0,78.3,69.0,56.7,50.7,46.5,43.6,37.3,31.3,28.0,21.3
2017/10/09,北站,O3,26.1,23.5,18.3,17.9,11.4,14.5,10.6,11.9,18.3,36.1,48.6,48.4,41.9,35.7,44.5,52.1,50.4,46.6,36.7,12.0,15.3,16.2,17.1,17.2
2017/10/10,北站,O3,16.6,15.6,16.8,7.1,8.4,7.0,6.8,17.9,29.1,41.8,44.9,43.2,44.2,47.8,45.6,41.6,52.3,47.2,48.5,45.0,34.5,26.5,28.6,38.7
2017/10/11,北站,O3,31.4,23.6,16.8,10.0,6.1,4.0,6.6,16.7,30.3,38.1,48.0,58.3,51.0,55.4,69.5,63.2,51.5,51.3,43.2,33.5,26.4,29.6,24.6,22.6
2017/10/12,北站,O3,15.1,21.4,11.6,11.4,11.8,11.6,9.8,14.6,27.3,39.5,48.0,60.9,M70.5,74.2,75.0,66.3,50.5,35.2,25.5,18.4,10.8,7.0,5.1,5.4
2017/10/13,北站,O3,5.2,4.8,2.9,2.6,2.5,12.4,12.7,18.1,23.3,25.0,31.3,38.1,36.2,38.2,42.3,37.7,32.8,26.7,22.9,14.8,10.1,10.5,15.7,10.8
2017/10/14,北站,O3,6.2,7.1,14.5,14.7,12.7,8.2,7.1,7.8,7.0,9.9,8.6,6.6,5.7,9.3,14.7,14.1,13.5,9.1,10.6,8.8,4.5,3.8,2.6,2.2
2017/10/15,北站,O3,2.6,6.0,8.1,6.5,5.5,11.8,16.2,20.1,20.2,20.4,18.9,18.0,18.3,18.3,17.5,15.8,13.8,9.0,6.9,3.9,3.6,2.8,2.1,2.1
2017/10/16,北站,O3,2.2,2.1,2.1,2.2,2.2,2.3,2.7,3.8,6.6,12.1,22.5,37.7,43.1,42.1,45.7,45.5,38.7,32.5,30.8,29.6,26.3,19.7,18.4,18.1
2017/10/17,北站,O3,16.3,14.5,13.3,10.2,9.3,5.8,5.4,8.9,19.8,33.9,45.2,52.6,57.9,60.8,65.4,60.4,46.2,36.9,28.9,22.6,20.9,18.1,16.6,15.3
2017/10/18,北站,O3,12.0,10.0,7.8,6.9,7.0,7.9,9.9,12.2,16.5,22.6,36.4,49.1,48.6,48.9,54.3,59.2,54.0,41.5,34.0,25.0,21.2,19.7,19.4,18.9
2017/10/19,北站,O3,16.0,13.9,9.2,10.1,13.5,15.6,15.5,18.4,25.9,32.5,42.1,50.2,55.2,66.7,71.3,65.4,49.9,37.2,25.4,21.4,21.9,18.6,18.5,17.1
2017/10/20,北站,O3,15.2,14.5,15.9,14.4,20.3,23.9,23.5,23.4,27.2,34.9,46.9,56.9,61.4,65.2,64.9,58.7,46.0,39.0,38.0,33.9,32.5,32.9,33.9,33.8
2017/10/21,北站,O3,35.8,36.4,39.3,40.3,40.7,42.0,41.5,42.4,45.7,49.8,55.4,58.2,56.4,61.3,62.2,60.9,57.5,55.0,54.5,51.7,50.6,47.9,49.5,53.1
2017/10/22,北站,O3,53.4,51.9,46.1,44.4,42.3,40.6,41.1,42.5,46.6,50.2,57.2,63.8,70.4,77.5,82.9,81.4,75.9,66.8,60.2,51.4,48.6,47.3,49.8,51.1
2017/10/23,北站,O3,51.0,43.6,36.5,35.9,31.2,24.7,17.2,17.7,23.5,32.5,52.3,68.7,M76.6,76.2,82.9,99.3,90.3,66.8,55.0,49.1,40.2,32.7,25.4,21.2
2017/10/24,北站,O3,19.2,17.9,17.9,13.9,7.5,3.0,5.2,9.5,23.2,39.0,61.9,75.9,79.9,81.7,88.1,83.9,74.9,55.8,44.8,39.2,33.0,30.1,28.1,26.2
2017/10/25,北站,O3,23.5,21.2,16.8,15.7,16.9,9.4,6.2,10.1,24.8,46.9,62.8,76.9,78.0,81.1,88.3,87.3,79.3,65.8,53.3,39.1,30.9,28.0,27.3,21.7
2017/10/26,北站,O3,16.9,15.1,14.9,11.8,10.7,7.1,4.5,8.4,20.2,34.9,62.2,82.1,86.9,86.7,86.1,87.0,78.9,59.2,44.1,37.5,35.2,35.8,31.4,31.3
2017/10/27,北站,O3,30.3,28.6,25.2,21.2,21.6,17.9,13.7,23.4,37.9,51.1,61.4,69.1,75.3,81.0,79.2,67.8,62.3,52.7,46.9,46.3,47.6,45.2,43.7,38.2
2017/10/28,北站,O3,30.5,28.9,27.0,24.9,24.5,17.7,19.2,35.3,41.5,47.8,56.2,63.6,64.3,69.0,70.6,74.4,72.8,53.8,46.5,42.4,43.4,46.3,48.6,43.7
2017/10/29,北站,O3,36.3,27.7,28.8,23.3,19.8,17.1,11.6,15.3,28.6,38.8,50.0,65.9,71.1,75.4,81.2,76.5,65.3,58.4,54.3,50.6,47.3,44.6,39.5,33.8
2017/10/30,北站,O3,28.2,24.0,18.3,15.3,12.4,9.8,11.7,15.1,31.7,46.8,56.8,61.9,62.7,65.1,63.0,56.7,47.1,38.5,31.6,30.7,25.0,24.7,20.1,19.3
2017/10/31,北站,O3,14.5,10.5,9.0,6.0,4.6,2.6,3.1,6.1,18.2,30.6,43.8,59.2,68.1,72.6,74.2,66.7,65.6,57.3,48.4,40.2,28.2,20.2,14.5,12.1
2017/11/01,北站,O3,9.6,9.4,7.8,6.9,3.3,2.3,3.9,14.0,29.2,48.0,51.4,76.4,89.3,82.6,77.4,61.0,49.7,42.1,37.3,29.6,25.5,20.1,14.1,10.8
2017/11/02,北站,O3,6.9,5.8,4.1,21.9,13.6,11.2,12.6,18.7,35.2,48.3,58.5,68.0,67.1,64.2,59.9,49.6,41.0,35.0,32.6,28.2,26.6,23.8,22.5,20.7
2017/11/03,北站,O3,18.9,17.1,15.0,14.1,14.6,13.0,10.4,12.5,16.5,20.5,24.9,34.0,44.1,53.3,61.6,56.2,50.3,42.1,34.3,32.1,25.8,26.4,28.7,27.4
2017/11/04,北站,O3,31.3,34.6,39.0,33.5,32.7,36.8,36.9,37.6,47.6,47.5,48.3,58.2,69.5,77.8,77.1,65.3,49.3,42.9,38.8,35.7,32.0,29.7,26.7,27.7
2017/11/05,北站,O3,25.9,24.1,20.1,19.2,23.2,21.1,21.0,21.2,26.8,30.0,36.0,47.2,52.3,61.6,65.8,65.7,59.1,51.5,44.0,36.5,31.8,29.1,23.1,19.8
2017/11/06,北站,O3,18.4,16.5,15.1,13.3,8.6,4.2,3.3,4.2,10.0,19.8,35.9,48.3,50.0,52.2,M61.5,69.0,56.5,34.7,29.3,22.4,20.1,18.9,19.1,19.1
2017/11/07,北站,O3,22.1,19.4,14.7,15.3,15.8,13.7,12.0,19.8,27.6,36.0,51.9,59.4,56.7,52.9,55.2,55.4,48.8,42.4,38.8,33.0,24.6,20.0,19.2,15.4
2017/11/08,北站,O3,13.5,8.4,10.1,9.8,9.5,11.3,12.4,13.6,20.4,29.3,41.8,49.9,53.1,57.6,61.0,60.4,52.5,34.6,22.4,22.0,18.6,17.0,15.8,11.6
2017/11/09,北站,O3,11.5,10.7,8.8,5.0,3.1,3.5,3.0,5.5,15.9,38.9,56.3,63.8,79.5,74.6,77.3,76.4,69.3,53.8,47.4,39.7,34.6,29.0,26.1,23.3
2017/11/10,北站,O3,20.8,17.6,7.9,13.1,16.0,15.2,15.3,12.5,14.8,30.8,49.0,53.7,48.6,50.7,50.2,55.6,46.6,37.0,31.7,26.4,20.7,18.4,17.2,13.5
2017/11/11,北站,O3,16.4,14.5,12.7,9.9,11.0,10.3,8.7,7.7,10.3,12.6,13.9,21.0,29.6,35.6,42.3,39.2,37.2,28.9,22.0,15.4,15.0,15.4,11.4,12.5
2017/11/12,北站,O3,11.9,11.3,14.6,16.4,15.6,12.1,10.1,11.2,15.2,16.4,16.7,19.4,23.0,25.2,25.3,27.8,28.7,24.4,18.3,15.9,15.0,12.3,9.0,8.8
2017/11/13,北站,O3,7.9,6.0,5.1,4.2,3.5,3.3,3.5,7.2,9.0,11.5,13.9,19.1,24.7,29.6,32.0,38.9,30.7,21.2,17.7,13.1,8.0,8.4,9.4,12.6
2017/11/14,北站,O3,10.8,10.0,6.3,6.2,4.3,1.5,2.3,4.4,8.8,18.3,35.3,47.3,49.4,56.1,63.0,53.9,48.7,38.7,29.8,23.6,21.3,16.6,10.6,6.3
2017/11/15,北站,O3,3.4,5.9,3.0,3.3,1.8,1.7,2.2,4.6,7.6,12.2,25.6,45.1,60.2,64.0,66.1,58.6,54.9,44.6,36.6,26.8,20.1,14.7,14.0,12.8
2017/11/16,北站,O3,6.9,4.4,3.4,5.9,3.8,2.7,1.9,6.1,12.0,27.8,53.1,75.7,86.2,87.4,80.8,79.2,70.6,60.6,54.6,43.1,44.5,35.5,31.4,23.3
2017/11/17,北站,O3,13.9,13.9,14.6,12.8,15.5,16.1,11.8,9.4,14.3,24.7,47.1,59.3,61.1,59.7,51.9,46.5,46.6,42.2,23.0,17.1,11.3,2.4,2.7,5.4
2017/11/18,北站,O3,7.5,9.1,7.5,6.8,6.5,9.0,5.4,14.1,25.5,31.1,44.6,54.1,46.6,52.2,53.8,46.8,42.3,35.3,30.7,27.9,24.5,24.4,22.7,23.9
2017/11/19,北站,O3,23.7,24.8,27.0,25.5,25.0,26.5,25.2,22.9,23.4,24.1,27.5,34.3,41.6,49.9,52.9,53.8,47.9,41.4,25.9,20.7,22.2,18.7,16.1,19.4
2017/11/20,北站,O3,18.7,14.8,17.2,11.6,6.7,3.1,4.1,9.1,12.6,19.6,26.2,30.9,36.5,42.3,42.5,44.1,38.9,27.8,20.5,14.4,16.5,13.8,13.1,12.2
2017/11/21,北站,O3,10.6,10.1,7.3,6.9,4.6,2.1,2.6,4.4,9.5,20.1,35.7,M46.3,58.8,53.5,58.9,58.5,52.9,42.9,33.8,29.2,22.0,15.7,13.9,12.2
2017/11/22,北站,O3,9.5,10.5,12.8,14.4,15.3,14.8,13.7,14.4,15.7,17.0,20.3,26.6,39.4,54.6,52.0,46.6,38.8,32.0,26.0,21.2,19.5,20.3,19.0,18.8
2017/11/23,北站,O3,18.3,17.8,18.2,17.4,16.4,18.2,22.4,21.6,22.6,25.8,41.8,51.9,57.4,65.6,71.4,67.9,57.0,39.8,29.0,25.8,22.8,19.3,17.3,20.0
2017/11/24,北站,O3,18.1,18.9,21.5,22.6,22.2,19.5,21.9,20.7,24.6,32.1,38.6,40.7,43.9,43.7,41.1,42.6,36.4,24.8,20.6,18.1,17.2,15.9,14.2,11.9
2017/11/25,北站,O3,11.6,13.1,8.6,7.0,9.0,10.5,9.4,12.9,22.9,29.7,34.1,41.9,45.1,51.7,54.8,56.7,47.5,32.1,30.7,26.8,27.3,24.6,22.5,18.8
2017/11/26,北站,O3,14.8,15.8,16.6,18.4,24.0,17.2,14.4,18.0,20.2,22.3,29.7,36.0,41.4,41.0,40.2,42.1,40.9,32.9,28.6,26.1,23.5,21.8,19.5,16.6
2017/11/27,北站,O3,14.7,16.0,15.3,15.9,18.8,17.6,15.0,12.6,16.7,22.5,27.4,33.2,42.4,54.1,57.5,56.0,50.7,43.6,34.0,29.5,23.3,21.2,15.4,9.6
2017/11/28,北站,O3,7.4,5.7,2.0,2.4,5.3,2.9,2.2,3.9,14.8,21.7,43.3,63.2,69.8,73.8,83.7,84.9,m63.6,46.1,36.4,34.7,27.1,25.3,18.4,17.2
2017/11/29,北站,O3,17.4,18.1,18.8,21.0,21.6,15.1,13.5,10.1,15.5,25.3,39.0,46.3,44.4,47.7,47.1,42.9,41.1,33.7,25.1,23.8,21.0,21.7,29.0,27.3
2017/11/30,北站,O3,30.1,26.1,24.9,29.7,29.1,24.9,24.4,20.2,20.4,21.5,25.4,27.9,30.5,39.8,41.6,41.7,35.1,27.6,21.8,19.0,21.2,22.6,21.8,20.8
2017/12/01,北站,O3,20.9,22.3,23.5,23.4,24.2,24.3,26.2,24.7,25.2,28.0,32.7,40.7,44.4,50.3,48.4,43.9,39.6,29.7,20.2,17.7,16.4,14.5,15.0,13.6
2017/12/02,北站,O3,12.0,10.7,9.8,11.3,10.5,9.7,10.3,16.7,19.8,24.1,28.5,35.1,38.3,40.4,45.4,42.4,36.6,28.3,20.9,18.9,20.4,19.6,18.9,17.1
2017/12/03,北站,O3,15.3,11.9,6.5,7.2,8.8,12.2,13.2,16.3,22.6,26.5,31.2,37.2,40.6,49.3,47.2,44.1,43.5,36.9,31.7,25.8,20.9,22.3,20.5,17.0
2017/12/04,北站,O3,17.1,16.8,14.2,14.0,19.3,18.8,16.6,16.4,22.5,27.2,32.9,42.0,42.5,47.3,51.9,49.1,45.3,41.1,36.1,31.1,25.2,19.8,19.2,17.6
2017/12/05,北站,O3,17.9,18.8,25.1,23.5,19.5,19.7,26.8,30.6,30.8,36.4,41.2,47.9,53.4,55.2,58.3,55.4,46.7,34.6,26.0,22.3,24.2,21.6,19.6,17.9
2017/12/06,北站,O3,17.8,16.9,13.6,20.4,17.0,11.3,7.5,8.3,10.7,18.3,27.9,35.2,36.6,40.8,M37.8,34.9,27.9,20.9,12.5,8.6,6.1,4.5,2.5,2.7
2017/12/07,北站,O3,7.4,7.6,6.6,8.4,14.5,23.1,19.8,17.0,16.0,21.1,36.3,42.1,41.3,38.9,44.3,38.5,30.0,22.6,16.0,14.0,16.0,13.8,10.6,8.3
2017/12/08,北站,O3,10.6,19.6,31.2,36.2,36.5,34.1,29.5,29.5,26.4,25.0,24.9,31.1,34.0,35.1,40.4,41.1,38.4,35.1,32.3,28.8,30.8,27.2,21.3,18.5
2017/12/09,北站,O3,19.3,19.6,21.5,20.4,19.4,22.4,21.4,15.4,11.4,10.6,18.9,22.9,21.1,23.2,27.9,29.1,28.6,20.1,14.6,10.3,5.2,2.9,2.4,1.9
2017/12/10,北站,O3,1.9,1.9,2.1,1.8,1.9,1.6,1.8,3.8,12.1,21.1,28.7,35.0,46.0,50.6,51.6,49.4,48.3,39.8,29.9,22.6,13.8,14.0,15.4,15.2
2017/12/11,北站,O3,18.7,15.1,10.8,11.6,7.5,7.0,9.4,10.8,15.2,22.0,25.9,34.7,49.7,55.8,62.8,61.2,54.0,42.3,31.3,26.1,23.2,19.5,18.8,19.6
2017/12/12,北站,O3,19.4,17.6,15.4,13.1,12.2,9.7,6.3,4.3,5.6,12.4,20.3,27.7,29.0,33.3,35.6,24.3,23.2,19.3,17.7,19.2,10.7,7.7,5.7,5.2
2017/12/13,北站,O3,8.3,11.3,7.0,6.4,7.0,8.4,9.7,7.1,12.4,16.3,26.3,39.0,47.2,58.0,52.5,36.6,30.3,26.5,25.6,22.6,21.4,20.2,18.2,13.0
2017/12/14,北站,O3,9.2,5.5,9.7,12.2,8.8,7.0,3.5,4.6,8.4,24.3,37.0,50.0,49.4,47.9,68.5,70.4,53.5,46.4,37.2,30.3,25.0,18.8,17.4,12.7
2017/12/15,北站,O3,7.9,7.5,4.7,2.0,3.6,3.0,1.9,3.4,7.7,20.1,39.5,46.1,53.6,57.4,53.8,48.3,44.2,40.6,37.1,25.4,24.7,25.5,32.3,31.7
2017/12/16,北站,O3,28.8,24.6,21.4,18.3,20.8,21.9,21.5,26.4,28.5,29.7,28.9,31.1,33.6,34.5,31.8,29.0,29.6,28.3,27.4,26.0,24.3,21.7,20.1,22.7
2017/12/17,北站,O3,24.9,26.7,27.0,28.4,28.8,29.6,30.9,31.3,31.4,31.6,31.0,32.2,33.8,34.7,36.3,37.1,33.1,29.0,25.0,22.3,21.5,19.7,19.2,17.8
2017/12/18,北站,O3,15.2,12.7,13.9,12.1,15.2,19.9,20.5,19.5,23.0,25.0,28.2,35.2,39.5,42.9,36.9,34.6,30.0,22.0,16.8,19.9,18.2,18.2,17.9,18.8
2017/12/19,北站,O3,21.7,23.2,26.7,30.0,31.9,32.2,32.1,31.0,31.6,31.6,31.8,31.7,M31.9,32.2,38.7,38.5,28.3,17.8,17.2,20.0,21.6,23.5,23.9,25.0
2017/12/20,北站,O3,26.7,27.5,25.9,22.2,24.0,23.7,19.9,17.3,14.7,16.1,23.9,33.1,38.2,40.4,42.5,43.6,39.3,33.7,29.8,30.4,29.1,24.6,24.0,23.4
2017/12/21,北站,O3,22.3,25.8,26.2,21.3,19.4,17.4,14.5,12.1,19.7,23.9,30.2,38.6,45.7,53.7,60.2,58.4,59.9,48.6,40.1,31.1,23.2,20.0,15.5,14.5
2017/12/22,北站,O3,12.0,6.6,2.0,2.1,2.0,1.9,1.9,2.9,7.6,26.9,53.3,56.8,63.7,68.3,76.9,75.1,68.2,55.7,43.8,32.1,27.9,25.5,23.6,13.9
2017/12/23,北站,O3,4.9,8.6,10.7,10.5,3.4,3.4,3.4,8.1,10.0,22.4,44.6,52.1,54.2,56.2,56.9,61.8,67.1,63.0,53.1,40.1,28.8,16.0,18.1,15.3
2017/12/24,北站,O3,12.3,9.8,7.9,10.7,18.4,11.1,12.1,8.9,10.8,25.3,43.9,49.1,60.5,60.9,57.4,54.4,51.4,47.2,47.4,39.2,28.5,26.0,25.9,27.4
2017/12/25,北站,O3,27.9,32.7,37.7,37.8,38.3,38.2,34.3,28.9,31.3,35.5,37.9,42.6,49.2,50.8,61.4,63.3,59.8,50.1,41.1,35.2,30.9,25.6,20.7,21.3
2017/12/26,北站,O3,19.2,15.5,10.4,9.1,8.5,8.2,6.3,6.6,11.5,19.4,30.2,51.5,61.7,73.0,74.6,64.7,56.8,49.3,40.7,31.8,25.3,20.8,12.2,6.3
2017/12/27,北站,O3,9.0,7.3,5.7,2.6,1.9,1.8,1.9,2.4,6.2,17.6,35.4,47.4,55.7,58.7,70.9,68.6,69.5,62.2,50.0,40.0,33.2,23.3,21.3,25.6
2017/12/28,北站,O3,23.9,16.6,15.9,14.9,13.1,5.0,2.3,3.7,14.5,32.3,43.3,44.7,49.0,45.3,45.1,47.0,45.9,49.0,41.0,42.0,37.8,31.2,21.5,16.6
2017/12/29,北站,O3,17.2,27.2,22.6,21.2,23.1,17.2,13.8,12.9,19.0,29.5,35.0,42.6,50.4,59.7,55.7,49.6,44.6,38.8,33.9,27.0,18.4,14.6,12.9,11.8
2017/12/30,北站,O3,9.6,10.4,8.8,6.1,4.2,3.9,2.5,4.1,17.1,29.5,38.6,43.2,53.4,61.4,68.4,59.0,53.0,48.4,37.9,33.5,28.8,25.9,25.5,23.0
2017/12/31,北站,O3,19.1,20.7,17.3,11.1,9.3,9.7,9.6,15.4,25.4,33.0,37.0,41.6,47.4,55.1,61.2,59.7,52.9,42.4,33.3,27.3,24.9,21.2,18.1,18.9
