SiteID,sampledate,AT,PM25,SO2,O3,NO2,NOx,NO,TEMP,RH,RF,WS,WD
C0,2019-07-31T00:00:00,25.10,15.85,2.20,9999,2.40,6.70,4.30,9999,9999,9999,0.40,237.00
C1,2019-07-31T00:00:00,29.80,25.62,2.20,9999,12.90,13.90,1.00,9999,9999,9999,2.00,173.80
C10,2019-07-31T00:00:00,24.80,24.53,0.50,9999,11.20,12.30,1.10,9999,9999,0.00,0.70,276.30
C12,2019-07-31T00:00:00,26.90,10.59,1.00,0.41,5.10,6.90,1.80,9999,86.00,0.00,1.60,278.70
C13,2019-07-31T00:00:00,27.00,12.05,9999,9999,9999,9999,9999,9999,9999,9999,0.30,41.70
C2,2019-07-31T00:00:00,25.30,9.13,3.50,9999,3.90,4.20,0.20,9999,9999,9999,0.10,284.80
C3,2019-07-31T00:00:00,24.30,12.01,3.30,9999,9.00,12.80,3.70,9999,9999,9999,0.70,180.20
C4,2019-07-31T00:00:00,25.00,10.09,2.00,9999,3.10,4.70,1.60,9999,9999,9999,0.60,225.90
C5,2019-07-31T00:00:00,28.50,8.69,3.60,9999,4.90,7.60,2.60,9999,9999,9999,0.60,257.00
C6,2019-07-31T00:00:00,29.90,13.44,3.30,9999,8.20,12.90,4.60,9999,9999,9999,0.80,197.30
C7,2019-07-31T00:00:00,27.60,16.02,2.40,9999,14.80,17.60,2.80,9999,9999,9999,0.70,182.20
C8,2019-07-31T00:00:00,27.80,23.01,2.70,9999,7.30,7.90,0.60,9999,80.60,9999,0.00,86.90
C9,2019-07-31T00:00:00,25.50,14.39,2.10,9999,11.20,13.40,2.20,9999,9999,0.00,0.20,71.50
C0,2019-07-31T01:00:00,25.80,12.97,1.50,9999,6.10,9.80,3.70,9999,9999,9999,1.10,199.00
C1,2019-07-31T01:00:00,29.90,28.56,1.80,9999,10.10,10.90,0.80,9999,9999,9999,1.90,184.30
C10,2019-07-31T01:00:00,24.20,24.53,0.10,9999,10.50,11.40,1.00,9999,9999,0.00,0.70,245.10
C12,2019-07-31T01:00:00,27.30,9.64,1.10,0.43,5.40,7.80,2.50,9999,85.30,0.00,2.00,277.80
C13,2019-07-31T01:00:00,27.00,13.61,9999,9999,9999,9999,9999,9999,9999,9999,0.10,78.10
C2,2019-07-31T01:00:00,27.90,8.17,4.20,9999,6.20,6.60,0.30,9999,9999,9999,0.30,226.10
C3,2019-07-31T01:00:00,23.90,16.81,3.60,9999,8.70,12.50,3.90,9999,9999,9999,0.50,173.50
C4,2019-07-31T01:00:00,25.80,15.85,2.10,9999,5.70,7.80,2.20,9999,9999,9999,0.50,175.90
C5,2019-07-31T01:00:00,28.60,5.84,4.40,9999,3.90,6.60,2.70,9999,9999,9999,0.80,270.50
C6,2019-07-31T01:00:00,30.20,18.19,2.80,9999,6.80,12.50,5.60,9999,9999,9999,0.90,193.50
C7,2019-07-31T01:00:00,27.60,21.17,2.00,9999,12.80,15.50,2.70,9999,9999,9999,0.50,174.20
C8,2019-07-31T01:00:00,27.60,27.71,3.00,9999,6.30,6.70,0.30,9999,79.10,9999,0.20,94.50
C9,2019-07-31T01:00:00,25.60,13.44,2.80,9999,14.40,16.50,2.20,9999,9999,0.00,0.60,138.70
C0,2019-07-31T02:00:00,25.50,28.33,1.60,9999,4.00,8.30,4.40,9999,9999,9999,0.70,190.40
C1,2019-07-31T02:00:00,29.90,28.56,3.30,9999,7.90,9.60,1.60,9999,9999,9999,1.00,156.00
C10,2019-07-31T02:00:00,24.30,27.53,9999,9999,9.80,10.70,0.80,9999,9999,0.00,0.90,189.80
C12,2019-07-31T02:00:00,27.20,14.39,1.50,0.56,12.10,15.30,3.20,9999,84.70,0.00,1.00,129.50
C13,2019-07-31T02:00:00,27.10,14.39,9999,9999,9999,9999,9999,9999,9999,9999,0.50,35.60
C2,2019-07-31T02:00:00,28.70,13.93,3.80,9999,8.20,9.30,1.00,9999,9999,9999,0.60,210.60
C3,2019-07-31T02:00:00,24.10,16.81,3.30,9999,9.60,12.30,2.60,9999,9999,9999,0.50,138.20
C4,2019-07-31T02:00:00,25.90,29.29,2.80,9999,3.60,4.90,1.50,9999,9999,9999,0.80,157.90
C5,2019-07-31T02:00:00,28.60,3.94,3.70,9999,9.60,11.30,1.80,9999,9999,9999,0.80,224.30
C6,2019-07-31T02:00:00,30.00,18.19,4.10,9999,7.30,13.10,5.90,9999,9999,9999,0.50,169.20
C7,2019-07-31T02:00:00,27.60,23.23,5.50,9999,8.70,11.50,2.70,9999,9999,9999,0.20,166.20
C8,2019-07-31T02:00:00,27.80,20.19,2.80,9999,4.80,5.40,0.60,9999,78.90,9999,0.10,88.60
C9,2019-07-31T02:00:00,25.50,19.14,2.30,9999,9.90,12.20,2.20,9999,9999,0.20,0.40,149.80
C0,2019-07-31T03:00:00,25.60,24.49,1.20,9999,7.20,11.60,4.40,9999,9999,9999,0.30,180.00
C1,2019-07-31T03:00:00,29.90,25.62,3.80,9999,7.00,8.20,1.20,9999,9999,9999,1.30,168.00
C10,2019-07-31T03:00:00,24.40,31.28,9999,9999,11.40,12.50,1.10,9999,9999,0.00,0.50,177.10
C12,2019-07-31T03:00:00,27.10,26.74,1.20,0.61,13.10,15.70,2.60,9999,85.10,0.00,1.30,134.20
C13,2019-07-31T03:00:00,27.10,14.39,9999,9999,9999,9999,9999,9999,9999,9999,0.40,38.90
C2,2019-07-31T03:00:00,29.00,20.65,5.20,9999,9.40,11.50,2.10,9999,9999,9999,1.00,209.20
C3,2019-07-31T03:00:00,23.90,29.29,3.50,9999,11.20,14.50,3.30,9999,9999,9999,0.50,142.00
C4,2019-07-31T03:00:00,25.80,23.53,2.60,9999,7.30,9.10,1.80,9999,9999,9999,0.70,168.10
C5,2019-07-31T03:00:00,28.60,9.64,3.40,9999,9.90,11.40,1.50,9999,9999,9999,0.60,191.60
C6,2019-07-31T03:00:00,29.80,19.14,3.60,9999,6.00,11.40,5.50,9999,9999,9999,0.60,156.80
C7,2019-07-31T03:00:00,27.90,18.08,3.70,9999,7.20,9.90,2.80,9999,9999,9999,0.10,180.00
C8,2019-07-31T03:00:00,27.70,20.19,2.70,9999,3.80,4.40,0.60,9999,80.20,9999,0.00,148.40
C9,2019-07-31T03:00:00,25.50,24.84,2.30,9999,11.40,13.30,2.00,9999,9999,0.00,0.40,99.50
C0,2019-07-31T04:00:00,25.30,24.49,1.20,9999,5.90,10.50,4.80,9999,9999,9999,0.20,170.60
C1,2019-07-31T04:00:00,28.10,23.66,2.60,9999,9999,9999,9999,9999,9999,9999,0.70,106.80
C10,2019-07-31T04:00:00,26.30,33.53,9999,9999,16.20,17.40,1.30,9999,9999,0.00,0.70,170.10
C12,2019-07-31T04:00:00,27.10,25.79,1.10,0.60,11.00,14.20,3.20,9999,85.20,0.00,1.20,138.60
C13,2019-07-31T04:00:00,27.10,18.29,9999,9999,9999,9999,9999,9999,9999,9999,0.60,5.80
C2,2019-07-31T04:00:00,29.00,20.65,5.40,9999,11.50,13.40,1.80,9999,9999,9999,0.10,127.30
C3,2019-07-31T04:00:00,24.00,25.45,3.80,9999,10.40,13.70,3.20,9999,9999,9999,0.60,108.00
C4,2019-07-31T04:00:00,25.70,21.61,2.60,9999,6.80,8.70,1.80,9999,9999,9999,0.30,155.80
C5,2019-07-31T04:00:00,28.50,12.49,3.50,9999,9999,9999,9999,9999,9999,9999,0.50,197.10
C6,2019-07-31T04:00:00,30.20,23.89,3.00,9999,5.10,10.70,5.60,9999,9999,9999,0.50,187.50
C7,2019-07-31T04:00:00,27.90,16.02,3.20,9999,5.60,8.20,2.60,9999,9999,9999,0.10,182.70
C8,2019-07-31T04:00:00,27.80,20.19,2.30,9999,3.30,4.10,0.80,9999,80.90,9999,0.10,180.20
C9,2019-07-31T04:00:00,25.30,23.89,2.50,9999,13.40,15.40,1.80,9999,9999,0.00,0.50,80.80
C0,2019-07-31T05:00:00,25.10,26.41,1.60,9999,5.50,10.00,4.40,9999,9999,9999,0.00,185.10
C1,2019-07-31T05:00:00,27.90,14.84,1.80,9999,4.40,4.60,0.20,9999,9999,9999,0.30,177.80
C10,2019-07-31T05:00:00,26.20,42.53,9999,9999,16.00,17.60,1.60,9999,9999,0.00,0.40,159.90
C12,2019-07-31T05:00:00,26.90,27.69,0.10,0.51,10.20,13.70,3.40,9999,84.20,0.00,0.60,179.10
C13,2019-07-31T05:00:00,27.30,18.29,9999,9999,9999,9999,9999,9999,9999,9999,0.20,41.00
C2,2019-07-31T05:00:00,28.80,20.65,5.40,9999,9.30,10.90,1.60,9999,9999,9999,0.10,57.80
C3,2019-07-31T05:00:00,23.80,26.41,3.90,9999,10.40,13.70,3.30,9999,9999,9999,0.20,107.50
C4,2019-07-31T05:00:00,25.60,20.65,2.60,9999,4.80,6.20,1.30,9999,9999,9999,0.10,170.40
C5,2019-07-31T05:00:00,28.60,6.79,3.90,9999,9999,9999,9999,9999,9999,9999,0.50,223.80
C6,2019-07-31T05:00:00,30.00,19.14,4.10,9999,5.40,12.30,6.80,9999,9999,9999,0.40,192.60
C7,2019-07-31T05:00:00,27.90,18.08,3.10,9999,6.20,8.70,2.40,9999,9999,9999,0.00,220.40
C8,2019-07-31T05:00:00,27.60,20.19,2.20,9999,3.50,3.80,0.30,9999,82.80,9999,0.10,153.60
C9,2019-07-31T05:00:00,25.60,22.94,2.50,9999,17.10,19.40,2.20,9999,9999,0.00,0.30,64.70
C0,2019-07-31T06:00:00,25.00,24.49,1.60,9999,5.10,9.80,4.60,9999,9999,9999,0.00,295.60
C1,2019-07-31T06:00:00,27.80,21.70,1.70,9999,7.80,8.70,1.00,9999,9999,9999,0.30,102.30
C10,2019-07-31T06:00:00,26.30,49.28,9999,9999,13.90,15.40,1.50,9999,9999,0.00,0.50,147.40
C12,2019-07-31T06:00:00,27.10,28.64,1.10,0.59,14.90,18.20,3.40,9999,85.90,0.00,0.60,131.70
C13,2019-07-31T06:00:00,27.00,17.51,9999,9999,9999,9999,9999,9999,9999,9999,0.50,41.80
C2,2019-07-31T06:00:00,28.70,23.53,5.30,9999,9.40,11.30,1.80,9999,9999,9999,0.00,127.50
C3,2019-07-31T06:00:00,24.70,22.57,3.30,9999,10.70,14.20,3.50,9999,9999,9999,0.30,123.90
C4,2019-07-31T06:00:00,25.60,21.61,2.70,9999,5.40,7.30,2.00,9999,9999,9999,0.20,151.40
C5,2019-07-31T06:00:00,28.60,9.64,4.10,9999,25.00,26.50,1.60,9999,9999,9999,0.50,202.00
C6,2019-07-31T06:00:00,29.80,19.14,3.00,9999,6.60,15.10,8.40,9999,9999,9999,0.30,97.20
C7,2019-07-31T06:00:00,27.90,21.17,3.30,9999,6.20,9.00,2.80,9999,9999,9999,0.00,195.30
C8,2019-07-31T06:00:00,27.50,17.37,2.20,9999,2.80,3.50,0.70,9999,83.90,9999,0.10,132.40
C9,2019-07-31T06:00:00,26.20,23.89,2.30,9999,14.70,18.50,3.90,9999,9999,0.00,0.70,82.40
C0,2019-07-31T07:00:00,24.60,25.45,2.00,9999,8.70,16.70,8.10,9999,9999,9999,0.40,97.60
C1,2019-07-31T07:00:00,27.80,23.66,1.60,9999,5.60,7.20,1.60,9999,9999,9999,1.40,89.60
C10,2019-07-31T07:00:00,26.30,53.03,9999,9999,11.40,13.40,2.10,9999,9999,0.00,0.90,142.80
C12,2019-07-31T07:00:00,26.90,27.69,1.10,0.57,14.90,20.30,5.30,9999,83.80,0.00,0.90,134.10
C13,2019-07-31T07:00:00,27.00,16.73,9999,9999,9999,9999,9999,9999,9999,9999,0.80,20.90
C2,2019-07-31T07:00:00,26.20,21.61,4.90,9999,13.70,17.50,3.80,9999,9999,9999,0.30,110.50
C3,2019-07-31T07:00:00,25.40,23.53,3.00,9999,12.70,18.10,5.40,9999,9999,9999,0.90,92.40
C4,2019-07-31T07:00:00,25.10,24.49,2.50,9999,5.80,8.30,2.50,9999,9999,9999,0.50,116.00
C5,2019-07-31T07:00:00,28.50,15.34,4.10,9999,31.80,38.90,7.10,9999,9999,9999,0.20,189.50
C6,2019-07-31T07:00:00,29.70,21.04,3.40,9999,9.70,23.50,13.90,9999,9999,9999,0.50,151.60
C7,2019-07-31T07:00:00,27.90,20.14,2.90,9999,8.90,12.80,3.90,9999,9999,9999,0.00,158.90
C8,2019-07-31T07:00:00,27.80,21.13,2.20,9999,3.80,5.10,1.20,9999,80.20,9999,0.10,168.90
C9,2019-07-31T07:00:00,25.60,27.69,2.20,9999,10.50,15.90,5.30,9999,9999,0.00,1.10,86.90
C0,2019-07-31T08:00:00,25.20,28.33,2.20,9999,7.10,13.20,6.00,9999,9999,9999,0.40,118.30
C1,2019-07-31T08:00:00,28.10,28.56,1.20,9999,4.40,6.60,2.20,9999,9999,9999,0.70,115.20
C10,2019-07-31T08:00:00,26.40,32.78,9999,9999,7.90,9.80,2.00,9999,9999,0.00,0.20,91.00
C12,2019-07-31T08:00:00,26.80,29.59,1.10,0.59,11.20,13.70,2.50,9999,78.60,0.00,0.70,216.40
C13,2019-07-31T08:00:00,27.10,14.39,9999,9999,9999,9999,9999,9999,9999,9999,0.40,53.50
C2,2019-07-31T08:00:00,25.50,21.61,4.20,9999,11.00,14.90,3.80,9999,9999,9999,0.50,165.50
C3,2019-07-31T08:00:00,25.50,33.13,2.50,9999,7.90,12.50,4.70,9999,9999,9999,0.40,80.80
C4,2019-07-31T08:00:00,25.50,46.57,2.30,9999,6.80,10.90,4.10,9999,9999,9999,0.20,192.20
C5,2019-07-31T08:00:00,28.60,16.29,4.90,9999,33.80,47.40,13.50,9999,9999,9999,0.40,241.60
C6,2019-07-31T08:00:00,30.10,27.69,3.80,9999,7.90,20.20,12.10,9999,9999,9999,1.00,197.50
C7,2019-07-31T08:00:00,27.80,27.35,2.90,9999,9.20,14.40,5.30,9999,9999,9999,0.20,156.90
C8,2019-07-31T08:00:00,28.20,19.25,2.20,9999,4.10,5.60,1.60,9999,71.30,9999,0.20,188.40
C9,2019-07-31T08:00:00,25.60,26.74,2.50,9999,10.50,15.40,4.80,9999,9999,0.00,0.30,60.70
C0,2019-07-31T09:00:00,25.50,23.53,2.10,9999,4.40,8.70,4.30,9999,9999,9999,0.70,280.70
C1,2019-07-31T09:00:00,28.50,24.64,1.10,9999,7.90,10.80,2.80,9999,9999,9999,0.60,274.80
C10,2019-07-31T09:00:00,26.20,32.78,0.20,9999,8.10,10.30,2.20,9999,9999,0.00,1.20,336.30
C12,2019-07-31T09:00:00,26.60,26.74,1.10,0.47,8.40,11.50,3.10,9999,77.10,0.00,1.70,266.50
C13,2019-07-31T09:00:00,27.20,13.61,9999,9999,9999,9999,9999,9999,9999,9999,0.30,85.20
C2,2019-07-31T09:00:00,25.70,21.61,4.40,9999,6.40,8.70,2.20,9999,9999,9999,0.60,286.00
C3,2019-07-31T09:00:00,25.70,22.57,2.50,9999,8.40,13.30,4.80,9999,9999,9999,0.40,257.20
C4,2019-07-31T09:00:00,25.50,30.25,2.30,9999,4.40,6.80,2.30,9999,9999,9999,0.80,268.90
C5,2019-07-31T09:00:00,28.50,15.34,7.10,9999,50.70,80.90,30.20,9999,9999,9999,0.90,274.50
C6,2019-07-31T09:00:00,30.60,24.84,3.80,9999,6.50,18.80,12.40,9999,9999,9999,0.80,233.00
C7,2019-07-31T09:00:00,27.70,29.41,3.20,9999,10.70,15.00,4.30,9999,9999,9999,0.30,274.80
C8,2019-07-31T09:00:00,28.10,19.25,2.30,9999,5.10,6.30,1.30,9999,65.00,9999,0.40,204.80
C9,2019-07-31T09:00:00,25.50,26.74,3.80,9999,18.80,27.40,8.60,9999,9999,0.00,1.20,258.90
C0,2019-07-31T10:00:00,25.50,25.45,2.30,9999,4.50,9.50,5.00,9999,9999,9999,0.80,323.10
C1,2019-07-31T10:00:00,29.60,20.72,0.70,9999,10.90,15.90,5.10,9999,9999,9999,1.10,284.20
C10,2019-07-31T10:00:00,25.80,28.28,1.10,9999,6.20,7.90,1.70,9999,9999,0.00,1.60,324.60
C12,2019-07-31T10:00:00,26.40,21.04,1.10,0.37,7.00,10.20,3.10,9999,70.20,0.00,2.00,274.70
C13,2019-07-31T10:00:00,27.40,9.71,9999,9999,9999,9999,9999,9999,9999,9999,0.30,142.20
C2,2019-07-31T10:00:00,25.80,16.81,5.10,9999,4.60,6.80,2.30,9999,9999,9999,1.10,313.90
C3,2019-07-31T10:00:00,25.70,36.97,2.80,9999,7.20,10.90,3.80,9999,9999,9999,0.80,301.30
C4,2019-07-31T10:00:00,25.60,35.05,2.30,9999,3.70,7.10,3.30,9999,9999,9999,1.20,303.80
C5,2019-07-31T10:00:00,28.60,10.59,10.00,9999,50.20,78.30,28.10,9999,9999,9999,0.80,328.50
C6,2019-07-31T10:00:00,31.20,21.04,4.40,9999,4.20,14.70,10.50,9999,9999,9999,0.70,290.00
C7,2019-07-31T10:00:00,27.90,30.44,3.10,9999,9.30,13.10,3.70,9999,9999,9999,0.20,353.80
C8,2019-07-31T10:00:00,27.70,20.19,2.50,9999,5.60,6.80,1.30,9999,59.10,9999,0.40,287.70
C9,2019-07-31T10:00:00,26.00,26.74,5.10,9999,14.20,19.80,5.60,9999,9999,0.00,1.50,304.80
C0,2019-07-31T11:00:00,25.60,25.45,2.70,9999,3.50,9.30,5.70,9999,9999,9999,1.40,328.60
C1,2019-07-31T11:00:00,30.10,33.46,2.30,9999,12.20,17.30,5.10,9999,9999,9999,1.70,290.20
C10,2019-07-31T11:00:00,25.30,23.03,2.70,9999,3.90,5.40,1.50,9999,9999,0.00,2.90,321.60
C12,2019-07-31T11:00:00,26.30,10.59,1.30,0.41,8.10,10.60,2.60,9999,67.90,0.00,2.70,274.70
C13,2019-07-31T11:00:00,27.50,11.27,9999,9999,9999,9999,9999,9999,9999,9999,0.50,242.70
C2,2019-07-31T11:00:00,25.90,10.09,4.80,9999,3.50,5.10,1.60,9999,9999,9999,1.60,310.30
C3,2019-07-31T11:00:00,25.60,26.41,3.00,9999,5.90,9.60,3.70,9999,9999,9999,1.50,284.80
C4,2019-07-31T11:00:00,27.10,15.85,1.30,9999,9999,9999,9999,9999,9999,9999,2.00,307.70
C5,2019-07-31T11:00:00,28.70,14.39,8.50,9999,48.20,69.70,21.50,9999,9999,9999,0.60,355.20
C6,2019-07-31T11:00:00,31.30,17.24,7.80,9999,6.00,16.00,9.90,9999,9999,9999,0.90,302.60
C7,2019-07-31T11:00:00,27.80,31.47,15.90,9999,14.70,23.10,8.20,9999,9999,9999,1.30,319.90
C8,2019-07-31T11:00:00,27.60,24.89,2.60,9999,6.80,8.20,1.30,9999,53.90,9999,0.90,334.00
C9,2019-07-31T11:00:00,25.70,26.74,3.80,9999,8.20,11.30,3.20,9999,9999,0.00,1.00,313.40
C0,2019-07-31T12:00:00,25.70,22.57,2.50,9999,2.30,7.10,4.80,9999,9999,9999,1.60,293.60
C1,2019-07-31T12:00:00,30.10,32.48,2.80,9999,6.70,10.30,3.60,9999,9999,9999,1.80,284.70
C10,2019-07-31T12:00:00,25.40,16.28,2.60,9999,3.50,4.70,1.20,9999,9999,0.00,3.00,321.70
C12,2019-07-31T12:00:00,26.10,15.34,2.50,0.36,4.90,7.70,2.70,9999,72.10,0.00,3.20,270.90
C13,2019-07-31T12:00:00,27.50,9.71,9999,9999,9999,9999,9999,9999,9999,9999,1.00,247.30
C2,2019-07-31T12:00:00,26.00,9.13,4.80,9999,2.50,3.70,1.20,9999,9999,9999,1.90,306.60
C3,2019-07-31T12:00:00,24.90,16.81,3.10,9999,6.00,9.60,3.60,9999,9999,9999,1.30,279.90
C4,2019-07-31T12:00:00,26.50,11.05,5.10,9999,9999,9999,9999,9999,9999,9999,1.60,292.20
C5,2019-07-31T12:00:00,28.80,9.64,6.80,9999,39.80,58.20,18.40,9999,9999,9999,1.10,329.60
C6,2019-07-31T12:00:00,32.20,19.14,15.50,9999,9.80,21.90,12.10,9999,9999,9999,1.30,286.50
C7,2019-07-31T12:00:00,27.90,31.47,6.80,9999,15.50,22.10,6.60,9999,9999,9999,1.70,294.00
C8,2019-07-31T12:00:00,29.10,24.89,3.00,9999,4.70,5.40,0.70,9999,54.20,9999,0.60,301.20
C9,2019-07-31T12:00:00,25.80,25.79,3.30,9999,6.50,9.60,3.10,9999,9999,0.00,1.50,301.10
C0,2019-07-31T13:00:00,25.50,23.53,1.60,9999,1.60,5.70,4.20,9999,9999,9999,2.00,290.10
C1,2019-07-31T13:00:00,30.10,22.68,2.30,9999,4.50,7.20,2.70,9999,9999,9999,2.20,290.80
C10,2019-07-31T13:00:00,25.50,15.53,2.10,9999,3.20,4.30,1.10,9999,9999,0.00,3.60,324.40
C12,2019-07-31T13:00:00,27.50,9.64,2.50,0.40,4.90,7.30,2.30,9999,72.70,0.00,3.50,277.70
C13,2019-07-31T13:00:00,27.60,11.27,9999,9999,9999,9999,9999,9999,9999,9999,1.10,329.10
C2,2019-07-31T13:00:00,27.70,12.97,5.10,9999,2.10,3.60,1.60,9999,9999,9999,2.30,309.20
C3,2019-07-31T13:00:00,24.40,16.81,3.20,9999,4.00,7.70,3.70,9999,9999,9999,1.60,287.00
C4,2019-07-31T13:00:00,27.70,9.13,2.70,9999,9999,9999,9999,9999,9999,9999,2.20,303.10
C5,2019-07-31T13:00:00,28.80,16.29,5.20,9999,28.90,43.80,14.90,9999,9999,9999,1.30,330.60
C6,2019-07-31T13:00:00,32.80,17.24,5.70,9999,4.70,13.10,8.30,9999,9999,9999,1.30,300.70
C7,2019-07-31T13:00:00,28.00,25.29,10.70,9999,18.90,27.60,8.70,9999,9999,9999,2.10,289.70
C8,2019-07-31T13:00:00,29.20,30.53,3.70,9999,5.20,5.70,0.50,9999,56.60,9999,1.70,298.50
C9,2019-07-31T13:00:00,25.80,20.09,3.30,9999,6.30,8.80,2.50,9999,9999,0.00,2.10,292.40
C0,2019-07-31T14:00:00,24.80,12.97,1.80,9999,0.70,5.30,4.40,9999,9999,9999,1.90,299.30
C1,2019-07-31T14:00:00,30.20,24.64,2.60,9999,4.00,7.20,3.10,9999,9999,9999,2.20,306.80
C10,2019-07-31T14:00:00,25.80,13.28,2.10,9999,4.10,5.80,1.70,9999,9999,0.00,3.60,326.50
C12,2019-07-31T14:00:00,28.00,16.29,2.60,0.41,6.70,9.70,3.00,9999,70.80,0.00,3.30,279.80
C13,2019-07-31T14:00:00,27.80,13.61,9999,9999,9999,9999,9999,9999,9999,9999,0.20,248.60
C2,2019-07-31T14:00:00,27.60,14.89,5.30,9999,1.20,2.60,1.30,9999,9999,9999,2.30,304.00
C3,2019-07-31T14:00:00,24.50,12.97,3.10,9999,4.50,7.80,3.20,9999,9999,9999,2.00,290.50
C4,2019-07-31T14:00:00,28.50,12.01,9999,9999,9999,9999,9999,9999,9999,9999,2.00,298.30
C5,2019-07-31T14:00:00,28.80,4.89,4.00,9999,23.60,37.10,13.40,9999,9999,9999,1.30,342.70
C6,2019-07-31T14:00:00,33.10,14.39,3.50,9999,0.70,8.80,8.20,9999,9999,9999,1.40,314.40
C7,2019-07-31T14:00:00,28.50,24.26,12.70,9999,19.70,30.30,10.60,9999,9999,9999,2.20,298.30
C8,2019-07-31T14:00:00,29.10,36.17,3.70,9999,4.90,5.40,0.50,9999,59.70,9999,2.50,293.50
C9,2019-07-31T14:00:00,26.00,16.29,3.30,9999,4.90,7.80,2.80,9999,9999,0.00,1.50,310.20
C0,2019-07-31T15:00:00,24.60,16.81,2.20,9999,1.50,6.70,5.40,9999,9999,9999,2.20,341.60
C1,2019-07-31T15:00:00,30.30,16.80,3.10,9999,4.30,7.70,3.30,9999,9999,9999,2.00,324.00
C10,2019-07-31T15:00:00,25.80,13.28,2.00,9999,4.40,6.10,1.70,9999,9999,0.00,3.20,334.00
C12,2019-07-31T15:00:00,28.20,18.19,9.50,0.56,11.90,17.50,5.50,9999,66.30,0.00,2.60,318.20
C13,2019-07-31T15:00:00,27.70,12.83,9999,9999,9999,9999,9999,9999,9999,9999,0.60,309.80
C2,2019-07-31T15:00:00,27.80,8.17,5.20,9999,1.60,2.80,1.20,9999,9999,9999,2.30,327.60
C3,2019-07-31T15:00:00,24.40,12.97,3.60,9999,3.70,6.80,3.20,9999,9999,9999,1.90,308.70
C4,2019-07-31T15:00:00,26.30,6.25,2.50,9999,2.50,6.30,3.80,9999,9999,9999,2.90,325.40
C5,2019-07-31T15:00:00,28.80,7.74,3.90,9999,23.50,35.50,11.90,9999,9999,9999,1.30,346.40
C6,2019-07-31T15:00:00,33.10,12.49,11.90,9999,5.00,15.30,10.40,9999,9999,9999,1.50,331.10
C7,2019-07-31T15:00:00,29.10,21.17,8.20,9999,16.40,23.70,7.40,9999,9999,9999,1.60,301.20
C8,2019-07-31T15:00:00,29.20,34.29,3.30,9999,4.10,4.80,0.70,9999,59.50,9999,1.80,299.30
C9,2019-07-31T15:00:00,26.10,12.49,2.30,9999,2.80,5.10,2.30,9999,9999,0.00,1.80,330.80
C0,2019-07-31T16:00:00,24.70,12.01,2.00,9999,1.60,6.70,5.10,9999,9999,9999,2.20,353.70
C1,2019-07-31T16:00:00,29.10,22.68,5.40,9999,3.90,5.90,2.10,9999,9999,9999,2.00,312.40
C10,2019-07-31T16:00:00,25.50,11.03,2.10,9999,4.30,5.90,1.60,9999,9999,0.00,3.00,337.30
C12,2019-07-31T16:00:00,28.10,21.04,6.00,0.47,10.50,13.80,3.20,9999,67.20,0.00,2.90,322.20
C13,2019-07-31T16:00:00,27.80,19.07,9999,9999,9999,9999,9999,9999,9999,9999,0.20,250.00
C2,2019-07-31T16:00:00,27.50,9.13,4.80,9999,2.10,3.20,1.10,9999,9999,9999,2.40,348.40
C3,2019-07-31T16:00:00,24.40,12.97,3.50,9999,3.40,6.10,2.70,9999,9999,9999,2.30,310.90
C4,2019-07-31T16:00:00,25.90,5.29,2.00,9999,3.10,7.90,4.80,9999,9999,9999,3.00,329.70
C5,2019-07-31T16:00:00,28.70,7.74,9999,9999,9999,9999,9999,9999,9999,9999,1.30,358.70
C6,2019-07-31T16:00:00,33.00,10.59,19.50,9999,11.50,24.10,12.60,9999,9999,9999,1.90,352.50
C7,2019-07-31T16:00:00,29.10,16.02,4.50,9999,8.70,13.10,4.40,9999,9999,9999,1.80,325.50
C8,2019-07-31T16:00:00,29.20,27.71,3.60,9999,4.90,5.60,0.60,9999,59.60,9999,2.30,327.90
C9,2019-07-31T16:00:00,26.00,7.74,2.30,9999,2.20,4.80,2.70,9999,9999,0.00,1.70,322.50
C0,2019-07-31T17:00:00,24.80,13.93,2.00,9999,1.70,7.10,5.40,9999,9999,9999,1.50,345.10
C1,2019-07-31T17:00:00,29.20,14.84,4.10,9999,8.30,11.30,3.10,9999,9999,9999,1.40,295.20
C10,2019-07-31T17:00:00,25.40,13.28,2.00,9999,4.20,5.40,1.30,9999,9999,0.00,2.20,330.80
C12,2019-07-31T17:00:00,27.90,19.14,11.10,0.56,17.10,23.00,5.90,9999,64.50,0.00,1.60,312.80
C13,2019-07-31T17:00:00,27.90,17.51,9999,9999,9999,9999,9999,9999,9999,9999,0.70,208.00
C2,2019-07-31T17:00:00,27.50,11.05,5.30,9999,2.80,4.10,1.20,9999,9999,9999,1.60,334.60
C3,2019-07-31T17:00:00,24.30,10.09,3.50,9999,3.70,6.60,3.00,9999,9999,9999,1.60,307.00
C4,2019-07-31T17:00:00,27.50,11.05,2.50,9999,3.30,8.10,4.70,9999,9999,9999,2.10,324.70
C5,2019-07-31T17:00:00,28.80,5.84,3.70,9999,22.30,29.10,6.90,9999,9999,9999,0.80,352.90
C6,2019-07-31T17:00:00,32.50,13.44,14.90,9999,10.40,20.00,9.70,9999,9999,9999,1.00,327.80
C7,2019-07-31T17:00:00,28.90,17.05,2.80,9999,3.90,6.60,2.70,9999,9999,9999,1.00,330.10
C8,2019-07-31T17:00:00,27.80,24.89,2.50,9999,4.70,5.40,0.70,9999,74.40,9999,0.10,257.10
C9,2019-07-31T17:00:00,25.90,9.64,2.60,9999,2.90,5.30,2.30,9999,9999,0.00,1.30,325.50
C0,2019-07-31T18:00:00,25.40,12.01,1.70,9999,2.20,7.10,5.00,9999,9999,9999,0.60,298.10
C1,2019-07-31T18:00:00,29.10,17.78,3.00,9999,7.30,9.60,2.30,9999,9999,9999,1.40,280.80
C10,2019-07-31T18:00:00,25.30,12.53,2.00,9999,4.60,5.70,1.20,9999,9999,0.00,1.10,328.30
C12,2019-07-31T18:00:00,27.70,19.14,6.90,0.96,13.00,16.20,3.20,9999,71.00,0.00,1.60,278.20
C13,2019-07-31T18:00:00,27.70,12.05,9999,9999,9999,9999,9999,9999,9999,9999,0.50,237.90
C2,2019-07-31T18:00:00,27.60,11.05,4.70,9999,3.10,4.10,1.10,9999,9999,9999,0.60,293.50
C3,2019-07-31T18:00:00,25.10,18.73,3.10,9999,5.10,7.60,2.50,9999,9999,9999,0.90,311.20
C4,2019-07-31T18:00:00,27.50,14.89,2.50,9999,2.70,7.40,4.70,9999,9999,9999,1.40,320.00
C5,2019-07-31T18:00:00,28.70,9.64,4.50,9999,36.70,43.10,6.30,9999,9999,9999,0.90,317.20
C6,2019-07-31T18:00:00,31.50,14.39,11.20,9999,9.60,17.60,7.90,9999,9999,9999,1.60,249.50
C7,2019-07-31T18:00:00,28.70,13.96,2.70,9999,9.80,12.70,2.90,9999,9999,9999,0.40,236.50
C8,2019-07-31T18:00:00,27.40,16.43,1.70,9999,4.10,4.70,0.60,9999,83.50,9999,1.20,177.00
C9,2019-07-31T18:00:00,25.70,14.39,2.70,9999,6.80,9.10,2.20,9999,9999,0.00,1.20,293.70
C0,2019-07-31T19:00:00,25.20,14.89,2.30,9999,5.10,9.80,4.50,9999,9999,9999,0.50,187.60
C1,2019-07-31T19:00:00,28.60,20.72,2.50,9999,9.60,11.50,2.00,9999,9999,9999,1.50,164.80
C10,2019-07-31T19:00:00,25.10,17.78,2.10,9999,7.30,7.90,0.70,9999,9999,0.00,1.40,266.60
C12,2019-07-31T19:00:00,27.00,72.34,3.50,0.71,10.10,13.50,3.50,9999,76.80,0.00,0.90,229.50
C13,2019-07-31T19:00:00,27.50,6.59,9999,9999,9999,9999,9999,9999,9999,9999,0.60,46.70
C2,2019-07-31T19:00:00,25.70,8.17,4.20,9999,9.70,11.40,1.80,9999,9999,9999,0.50,101.50
C3,2019-07-31T19:00:00,25.60,17.77,2.20,9999,10.90,13.70,2.70,9999,9999,9999,0.50,167.60
C4,2019-07-31T19:00:00,27.10,12.01,2.50,9999,4.20,8.60,4.30,9999,9999,9999,0.90,236.40
C5,2019-07-31T19:00:00,28.70,21.04,4.70,9999,32.80,37.60,4.80,9999,9999,9999,0.70,326.60
C6,2019-07-31T19:00:00,30.00,15.34,2.50,9999,6.60,13.60,7.10,9999,9999,9999,1.30,152.10
C7,2019-07-31T19:00:00,28.10,13.96,2.70,9999,12.30,15.00,2.70,9999,9999,9999,0.90,157.30
C8,2019-07-31T19:00:00,27.80,3.27,1.80,9999,6.40,7.20,0.70,9999,83.60,9999,0.70,183.60
C9,2019-07-31T19:00:00,25.90,19.14,2.60,9999,8.50,11.50,3.00,9999,9999,0.00,0.60,288.80
C0,2019-07-31T20:00:00,24.90,21.61,2.10,9999,4.50,8.30,3.80,9999,9999,9999,1.60,217.20
C1,2019-07-31T20:00:00,28.40,18.76,1.80,9999,9.90,11.70,1.80,9999,9999,9999,2.40,190.70
C10,2019-07-31T20:00:00,24.90,32.78,2.20,9999,9.30,10.30,1.00,9999,9999,0.00,2.00,229.90
C12,2019-07-31T20:00:00,26.80,45.74,4.00,0.53,17.10,19.20,2.10,9999,76.40,0.00,1.60,153.10
C13,2019-07-31T20:00:00,27.60,2.69,9999,9999,9999,9999,9999,9999,9999,9999,0.10,125.10
C2,2019-07-31T20:00:00,25.40,12.01,3.70,9999,13.40,15.20,1.70,9999,9999,9999,1.80,208.40
C3,2019-07-31T20:00:00,25.50,20.65,2.00,9999,10.00,12.50,2.60,9999,9999,9999,1.40,179.00
C4,2019-07-31T20:00:00,26.70,16.81,2.30,9999,5.80,10.10,4.30,9999,9999,9999,2.10,190.40
C5,2019-07-31T20:00:00,28.60,18.19,3.70,9999,28.40,34.10,5.80,9999,9999,9999,1.50,218.70
C6,2019-07-31T20:00:00,29.70,14.39,2.50,9999,7.60,15.30,7.80,9999,9999,9999,0.90,188.20
C7,2019-07-31T20:00:00,27.60,3.66,3.20,9999,12.90,15.50,2.70,9999,9999,9999,0.50,175.60
C8,2019-07-31T20:00:00,27.80,9.85,2.00,9999,4.40,4.80,0.50,9999,83.10,9999,0.10,261.50
C9,2019-07-31T20:00:00,25.70,24.84,2.80,9999,16.10,18.30,2.10,9999,9999,0.00,1.60,150.00
C0,2019-07-31T21:00:00,24.80,21.61,2.00,9999,3.20,7.30,4.20,9999,9999,9999,1.50,207.10
C1,2019-07-31T21:00:00,28.30,24.64,1.80,9999,10.40,11.90,1.50,9999,9999,9999,1.60,190.40
C10,2019-07-31T21:00:00,25.90,33.53,1.80,9999,8.60,9.60,1.00,9999,9999,0.00,1.40,228.00
C12,2019-07-31T21:00:00,26.80,10.59,2.30,0.48,9.80,12.10,2.30,9999,77.90,0.00,1.50,165.70
C13,2019-07-31T21:00:00,27.70,7.37,9999,9999,9999,9999,9999,9999,9999,9999,0.70,38.90
C2,2019-07-31T21:00:00,25.30,17.77,3.10,9999,8.80,9.70,1.00,9999,9999,9999,1.40,209.60
C3,2019-07-31T21:00:00,25.40,18.73,2.00,9999,8.50,11.80,3.20,9999,9999,9999,0.90,157.40
C4,2019-07-31T21:00:00,26.30,18.73,2.20,9999,6.10,10.40,4.30,9999,9999,9999,1.70,181.50
C5,2019-07-31T21:00:00,28.60,12.49,3.10,9999,30.10,35.50,5.30,9999,9999,9999,1.30,198.40
C6,2019-07-31T21:00:00,29.70,12.49,2.30,9999,8.30,14.90,6.50,9999,9999,9999,1.30,199.70
C7,2019-07-31T21:00:00,27.60,2.63,3.30,9999,16.10,18.90,2.80,9999,9999,9999,0.20,156.80
C8,2019-07-31T21:00:00,27.80,8.91,1.80,9999,3.80,4.20,0.30,9999,80.50,9999,0.10,242.20
C9,2019-07-31T21:00:00,25.50,15.34,2.00,9999,12.60,14.40,1.80,9999,9999,0.00,1.70,145.40
C0,2019-07-31T22:00:00,24.80,17.77,1.80,9999,5.40,9.40,4.00,9999,9999,9999,0.60,210.50
C1,2019-07-31T22:00:00,28.40,18.76,2.30,9999,10.40,12.20,1.70,9999,9999,9999,1.00,171.10
C10,2019-07-31T22:00:00,26.20,19.28,1.30,9999,10.80,11.80,1.00,9999,9999,0.00,0.80,205.70
C12,2019-07-31T22:00:00,26.90,18.19,2.70,0.48,11.40,13.70,2.20,9999,73.50,0.00,1.50,170.50
C13,2019-07-31T22:00:00,27.50,6.59,9999,9999,9999,9999,9999,9999,9999,9999,0.50,55.30
C2,2019-07-31T22:00:00,25.30,11.05,3.00,9999,9.80,10.80,1.10,9999,9999,9999,1.20,209.70
C3,2019-07-31T22:00:00,25.40,8.17,2.10,9999,12.30,15.20,2.80,9999,9999,9999,0.50,145.60
C4,2019-07-31T22:00:00,26.30,10.09,2.10,9999,8.90,13.20,4.30,9999,9999,9999,1.40,182.20
C5,2019-07-31T22:00:00,28.60,12.49,3.00,9999,28.70,33.80,5.10,9999,9999,9999,1.20,209.00
C6,2019-07-31T22:00:00,29.60,15.34,3.30,9999,7.30,14.00,6.70,9999,9999,9999,0.80,170.50
C7,2019-07-31T22:00:00,27.70,3.66,2.80,9999,15.00,17.80,2.80,9999,9999,9999,0.20,156.30
C8,2019-07-31T22:00:00,27.80,9.85,1.70,9999,4.20,4.60,0.50,9999,80.50,9999,0.80,185.80
C9,2019-07-31T22:00:00,25.50,15.34,2.00,9999,10.40,12.70,2.30,9999,9999,0.00,1.60,148.60
C0,2019-07-31T23:00:00,24.80,13.93,2.00,9999,7.40,11.20,3.80,9999,9999,9999,0.90,174.10
C1,2019-07-31T23:00:00,28.60,19.74,4.30,9999,10.40,12.20,1.70,9999,9999,9999,1.50,170.50
C10,2019-07-31T23:00:00,24.30,21.53,1.50,9999,13.30,14.20,1.00,9999,9999,0.00,1.10,222.20
C12,2019-07-31T23:00:00,26.90,19.14,2.20,0.51,11.40,14.20,2.70,9999,76.90,0.00,2.50,131.80
C13,2019-07-31T23:00:00,27.40,4.25,9999,9999,9999,9999,9999,9999,9999,9999,0.60,42.10
C2,2019-07-31T23:00:00,25.30,12.01,3.20,9999,14.30,16.00,1.70,9999,9999,9999,0.90,132.60
C3,2019-07-31T23:00:00,25.40,9.13,2.10,9999,12.70,15.80,3.00,9999,9999,9999,0.70,125.80
C4,2019-07-31T23:00:00,26.10,8.17,2.30,9999,11.40,15.80,4.40,9999,9999,9999,1.60,172.00
C5,2019-07-31T23:00:00,28.50,11.54,3.20,9999,19.50,24.00,4.60,9999,9999,9999,1.30,185.90
C6,2019-07-31T23:00:00,29.50,12.49,2.80,9999,5.10,10.50,5.50,9999,9999,9999,0.90,140.50
C7,2019-07-31T23:00:00,27.70,6.75,2.60,9999,10.30,13.30,3.10,9999,9999,9999,0.40,175.80
C8,2019-07-31T23:00:00,27.80,8.91,1.70,9999,4.80,5.40,0.60,9999,83.50,9999,0.10,227.60
C9,2019-07-31T23:00:00,25.40,14.39,2.20,9999,16.50,18.60,2.20,9999,9999,0.00,1.70,123.30
